Object Name,length,height,width,materialNumber,Amount per bin box (LHM C),Stabilität
PAPERBOX 0421 GD2 32X15X95,32,95,15,1041201,,keine
PAPERBOX A2320 GZ1 HÜLLE DS,35000,75000,10000,153913,1033,keine
PAPERBOX 1E 0215 106X41X78 BL,106,78,41,140125,77,1E
PAPERBOX 1E 0215 106X41X78 P,106,78,41,9051692,77,1E
PAPERBOX 1E 0426 103X50X25 P,103,25,50,9501429,180,1E
PAPERBIN 1E 0426 50X103X25 P,50,25,103,56561,180,1E
PAPERBOX A2420 600BB 56X29X44 BL,56,44,29,159344,264,keine
EPE BOX 60X25X35,60,35,25,194224,,keine
PAPERBOX 0426 1E 66X82X95 BL,66,95,82,1018133,56,1E
PAPERBOX 0713 1E 66X66X115 S,66,115,66,1026011,20,1E
PAPERBOX 0713 1E 66X66X115 BL,66,115,66,1026168,40,1E
PAPERBOX A2220 GD2 65X18X91 BL,65,91,18,9501283,246,keine
PAPERBOX A2120 GD2 65X36X91 BL,65,91,36,9501005,129,keine
PAPERBOX 0420 1E 68X77X61,68,61,77,1039574,,1E
PAPERBOX 70X55X72 FOR FUSEADAPTER,70,72,55,1296482,,keine
FALTSCH.WERMA PSD-S 70X70X75,70,75,70,9051585,56,keine
PAPERBOX 1E 0426 73X103X41 P,73,41,103,9501403,83,1E
PAPERBOX 0421 1E 103X73X41 P,103,41,73,56560,80,1E
PAPERBIN 1E 0713 73X109X86 P,73,86,109,56557,42,1E
"PAPERBOX 0713 GD2 74X47,5X32",74000,32000,47500,1041198,,keine
PAPERBOX 0421 1E 110X73X40 P,110,40,73,1034079,84,1E
PAPERBOX A2420 75X86X20 EATON1,75,20,86,9049663,228,keine
PAPERBOX 1E 0421 75X55X28 BL,75,28,55,9009079,222,1E
PAPERBOX 1E 0713 106X76X78 P,106,78,76,9051690,42,1E
PAPERBOX A6020 GD2 78X50X122 P,78,122,50,123761,48,keine
PAPERBOX A6020 GD2 78X50X122BL,78,122,50,143339,62,keine
PAPERBOX A6020 GC2 78X50X122 P,78,122,50,168586,62,keine
PAPERBOX 0713 1E 80X82X72 BL,80,72,82,,56,1E
PAPERBOX 0713 1E 81X81X115 S,81,115,81,1026013,34,1E
FALTSCH. TMB-QT 88X49X42,88,42,49,54910,164,keine
PAPERBOX 0713 1E 65X83X93 BL,65,93,83,9501827,52,1E
PAPERBOX 0427 84X72X26 S,84,26,72,1037109,98,keine
PAPERBOX 1E 0713 85X96X60 P,85,60,96,9631810,54,1E
PAPERBIN 1E 0713 85X96X60 P,85,60,96,56556,40,1E
PAPERBIN 1E 0713 85X135X60 P,85,60,135,56567,32,1E
FALTSCHACHTEL 85X96X60MM,85,60,96,140056,,keine
PAPERBOX 1E 0713 85X96X90 P,85,90,96,9631807,30,1E
PAPERBOX 1E 0426 86X103X32 P,86,32,103,9501416,93,1E
PAPERBIN 1E 0426 86X103X32 P,86,32,103,56558,80,1E
PAPERBOX 1E 0426 86X103X41 P,86,41,103,9501393,78,1E
PAPERBIN 1E 0426 86X103X41 P,86,41,103,117982,78,1E
PAPERBOX 0426 1E 100X78X26 BL,100,26,78,61500,120,1E
PAPERBOX 0420 1E 142X64X45 BL,142,45,64,61503,50,1E
FALTSCH. TMB-CP 87X34X20,87,20,34,54909,495,keine
PAPERBOX 1E 0426 87X79X38 P,87,38,79,9500462,102,1E
PAPEREGB 1E 0426 90X78X32 BL,90,32,78,9024690,118,1E
PAPERBOX A6020 90X37X73 EATON2,90,73,37,9049662,119,keine
PAPERBOX A6020 92X55X75 EATON3,92,75,55,9049661,81,keine
PAPER BOX 134X92X103,134,103,92,172196,15,keine
PAPERBOX 1E 0426 120X95X20 P,120,20,95,9501885,106,1E
PAPERBOX 0427 1E 95X54X47,95,47,54,1040762,,1E
PAPERBOX B1011 GZ 95X130X77 BK,95,77,130,1010588,21,keine
PAPERBOX 0426 1E 266X78X53 BL,266,53,78,61581,24,1E
PAPERBOX 1E 0421 96X55X19 P,96,19,55,9500019,237,1E
PAPERBIN 1E 0713 85X96X92 P,85,92,96,56563,30,1E
PAPERBOX 0713 1E 97X85X66,97,66,85,1041202,,1E
PAPERBOX 1E 0420 305X103X52 BL,305,52,103,61586,15,1E
PAPERBOX 0211 1E 97X38X83 S,97,83,38,9661235,90,1E
PAPERBOX 0426 1E 98X81X67,98,67,81,1856972,,1E
PAPERBOX 1E 0713 98X86X78 BL,98,78,86,,34,1E
PAPERBOX 0713 1E 98X75X84 LG,98,84,75,175382,42,1E
PAPERBOX 0426 1E 98X115X94,98,94,115,1856973,,1E
PAPERBOX 0400 1E 100X60X15 S,100,15,60,9507627,241,1E
PAPERBOX 1E 0426 100X78X26 P,100,26,78,9500022,123,1E
PAPERBOX 1E 0426 100X78X26 BL,100,26,78,9049889,120,1E
EPE BOX 100X25X35,100,35,25,194225,,keine
PAPERBOX 1E 100X89X41 S,100,41,89,9661525,57,1E
PAPERBOX 0409 1E 102X28X16 BL,102,16,28,9503456,367,1E
PAPERBOX 0426 1E 102X46X28,102,28,46,1040024,,1E
PAPERBOX 1E 0426 102X98X65 BL,102,65,98,9738661,41,1E
"BOX 4"" X 3"" X 3""",102000,76000,76000,1033696,,keine
PAPERBOX 0426 1E 103X50X25 BL,103,25,50,1037331,180,1E
PAPERBOX 1E 0426 34X103X27 P,34,27,103,9501432,261,1E
PAPERBIN 1E 0426 34X103X27 P,34,27,103,56582,225,1E
PAPERBOX 1E 0713 104X54X72 P,104,72,54,9662679,66,1E
PAPERBOX 1E 0426 104X87X38 P,104,38,87,9500475,77,1E
PAPERBIN 1E 0426 104X87X38 P,104,38,87,56589,77,1E
PAPERBOX 0420 1E 104X103X41 P,104,41,103,9501377,54,1E
PAPERBIN 1E 0426 104X103X41 P,104,41,103,117981,54,1E
PAPERBOX 1E 0215 104X40X72 P,104,72,40,9661492,88,1E
PAPERBOX 1E 0713 104X74X72 SE,104,72,74,168713,44,1E
PAPERBOX 1E 0713 104X74X72 P,104,72,74,9661493,44,1E
"CARTON BOX FOR QUINT4 DC-DC 22,5MM",105000,35000,98000,1283415,,keine
CARTON BOX FOR QUINT4 DC-DC 32MM,105000,43000,98000,1283414,,keine
PAPERBOX 0713 1E 105X60X95,105,95,60,1031777,42,1E
PAPERBOX 1E 0215 105X105X105 WH,105,105,105,1020848,15,1E
PAPERBOX 0423 1E 104X54X28 P,104,28,54,9604261,,1E
PAPERBOX 1E 0713 58X106X78 BL,58,78,106,122893,54,1E
PAPERBOX 1E 0713 106X58X78 P,106,78,58,9051691,56,1E
FALTSCH. 4TE  104X 74X 72 WH,104,72,74,9661773,44,keine
PAPERBOX 1E 0713 106X76X78 BL,106,78,76,9053381,42,1E
PAPERBOX 0713 1B 106X106X115 S,106,115,106,1026014,12,1B
PAPERBOX 0427 1E 107X94X10,107,10,94,1905414,,1E
PAPERBOX 0227 1E 108X45X30 BL,108,30,45,1035756,150,1E
PAPERBOX 0423 1E 108X45X30,108,30,45,1041162,135,1E
PAPERBOX 1E 0713 109X73X86 P,109,86,73,9501348,42,1E
PAPERBOX 0713 1E 108X90X62 BL,108,62,90,1035755,40,1E
PAPER BOX 152X108X124,152,124,108,172197,,keine
CARTON BOX 105X73X120,105,120,73,176242,26,keine
BOX 104 X 103 X 41,104,41,103,158195,54,keine
PAPERBOX 0713 1E 73X109X55 P,73,55,109,1034177,66,1E
PAPERBOX 1E 0713 73X109X55 P,73,55,109,9501380,63,1E
PAPERBIN 1E 0713 73X109X55 P,73,55,109,56555,63,1E
PAPERBIN 1E 0713 104X109X86 P,104,86,109,56562,30,1E
PAPERBOX 0713 1E 104X109X86 P,104,86,109,1034176,30,1E
PAPERBOX 1E 0713 110X73X40 P,110,40,73,130861,63,1E
PAPERBOX 1E 0713 110X73X40 P,110,40,73,140402,63,1E
PAPERBOX 0713 1E 110X80X40 WH,110,40,80,1002775,73,1E
PAPERBOX 0713 1E 109X97X53 BL,109,53,97,1031739,45,1E
FALTSCH. 122X 79X 57MM,122,57,79,121004,,keine
BOX 109 X 73 X 55,109,55,73,158192,63,keine
PAPEREGB 1E 0400 112X95X10 BL,112,10,95,9031593,198,1E
PAPER BOX 112 X 85 X 46,112,46,85,9604630,not LHM,keine
PAPERBOX 1E 0426 113X54X24 P,113,24,54,9500381,171,1E
PAPERBOX 1E 0426 113X104X24 P,113,24,104,9500404,88,1E
PAPERBOX 0426 1E 113X100X27 P,113,27,100,9501733,88,1E
PAPERBOX 1E 0426 113X117X27 P,113,27,117,9042845,73,1E
FALTSCH. 113X117X 27 BLANK,113,27,117,9042844,73,keine
PAPERBOX 1E 0426 113X100X36 P,113,36,100,9051942,60,1E
PAPERBOX 0426 1E 113X117X36 P,113,36,117,9051941,52,1E
PAPERBOX 0426 1E 112X79X44 WH,112,44,79,1032458,72,1E
PAPERBOX 1E 0426 113X100X77 P,113,77,100,9503414,30,1E
PAPERBOX 0427 1E 114X95X27,114,27,95,1875862,,1E
PAPERBOX 1E 0426 114X57X61 P,114,61,57,9500491,69,1E
PAPERBOX 1E 0426 114X83X61 P,114,61,83,9500501,48,1E
FALTSCH. 114X 83X 61 BLANK,114,61,83,9035477,48,keine
PAPERBOX 1E 0426 113X79X24 BL,113,24,79,9500394,114,1E
PAPERBOX 1E 0420 115X108X32 SE,115,32,108,180780,57,1E
PAPERBOX 0426 1E 114X47X41.5 P,114,41,47,1033143,114,1E
PAPERBOX 0426 1E 114X65X41.5 P,114,41,65,1033144,84,1E
PAPERBOX 0426 1E 114X83X41.5 P,114,41,83,1033145,72,1E
PAPERBOX 0426 1E 114X119X41.5 P,114,41,119,1033148,48,1E
PAPERBOX 1E 0713 115X135X75 WH,115,75,135,94921,17,1E
PAPERBOX 1E 0713 115X135X75 P,115,75,135,9503634,17,1E
PAPERBOX 1E 0713 115X96X90 P,115,90,96,9631726,15,1E
PAPERBIN 1E 0713 115X96X92 P,115,92,96,56568,30,1E
BOX 116 X 100 X 32,116,32,100,195961,,keine
PAPERBOX 0427 1B 116X116X35,116,35,116,1039942,42,1B
PAPERBOX A2120 GZ 116X150X86 S,116,86,150,1010587,20,keine
VERP. THERMOMARK CARD,116500,170000,29500,52006572,,keine
PAPERBOX A1020 GD2 117X166X13P,117,13,166,124286,118,keine
PAPERBOX 1E 0426 117X113X26 BL,117,26,113,9501241,78,1E
PAPERBOX 1E 0426 117X35X38 P,117,38,35,9007563,138,1E
PAPERBOX 0713 1E 117X94X65,117,65,94,1039130,37,1E
PAPERBOX ECA035 400g/qm GD 2 117X10X166,117,166,10,1033466,178,keine
PAPERBOX 0427 1E 118X115X15,118,15,115,1905416,,1E
PAPER BOX (118X85X25),118,25,85,74073,,keine
PAPER BOX 123X118X140,123,140,118,172198,,keine
FALTSCH. 120 X 125 X 25,120,25,125,125540,,keine
PAPERBOX 1B 0713 120X120X115 P,120,115,120,9501513,8,1B
PAPEREGB 1E 0421 121X72X16 BL,121,16,72,9003348,168,1E
PAPEREGB 1E 0701 121X73X57 BL,121,57,73,9003349,44,1E
PAPERBOX 1E 0421 122X79X57 BL,122,57,79,121005,44,1E
PAPERBOX 0713 1E 122X114X75 BL,122,75,114,9003854,24,1E
PAPERBOX 0713 1B 122X108X90 P,122,90,108,1037379,15,1B
 PAPERBOX 0713 1B 122X108X90 P,122,90,108,1028545,12,1B
PAPERBIN 1B 0713 121X86X115 BL,121,115,86,56581,16,1B
PAPERBOX 1B 0713 121X86X115 BL,121,115,86,9501526,16,1B
FALTSCH.EGB 122X114X120  BLANK,122,120,114,9032187,12,keine
PAPERBOX 1E 0426 123X113X25 BL,123,25,113,9044751,72,1E
CARTON BOX FOR TIME RELAY,123000,25000,111000,1142553,,keine
PAPERBOX 0426 1E 123X112X32 BL,123,32,112,1021949,50,1E
PAPER BOX 137X102X45,137,45,102,,,keine
PAPERBOX 1E 0426 123X113X48 P,123,48,113,9500417,42,1E
PAPERBIN 1E 0426 123X113X48 P,123,48,113,56587,42,1E
PAPERBOX 1E 0426 123X113X57 P,123,57,113,9051943,34,1E
PAPERBOX 0700 1E 123X100X111 BL,123,111,100,1037313,15,1E
PAPERBOX 0421 1E 124X127X31 P,124,31,127,1016561,50,1E
PAPERBOX 0426 1E 125X192X36 P,125,36,192,1029318,30,1E
PAPERBOX 0423 1E 124X88X49 P,124,49,88,1025177,53,1E
PAPERBOX 0426 1E 125X192X73 P,125,73,192,1029428,12,1E
PAPERBOX 0427 1B 125X110X80 SE,125,80,110,1016865,22,1B
PAPERBOX 0713 1B 126X126X115 S,126,115,126,1026015,12,1B
PAPERBOX 0471 1B 127X89X78 BL,127,78,89,1021028,26,1B
PAPERBOX 0713 1E 128X65X95 P,128,95,65,1020609,35,1E
PAPERBOX 1E 0421 129X54X30 BL,129,30,54,122548,96,1E
PAPERBOX 0426 130X108X32 BL,130,32,108,1029498,52,keine
PAPERBOX 0426 131X108X14 BL,131,14,108,1029497,108,keine
PAPERBOX 1E 0426 131X103X41 P,131,41,103,9501364,52,1E
PAPERBOX 0420 1E 131X103X41 BL,131,41,103,62234,52,1E
PAPERBIN 1E 0426 131X103X41 P,131,41,103,56583,52,1E
PAPERBOX 1F 0713 131X55X65 BL,131,65,55,9050465,54,keine
PAPERBOX 131X130X80,131,80,130,139873,17,keine
PAPERBOX 1E 0713 131X109X86 P,131,86,109,9501306,24,1E
PAPERBOX 0713 1E 131X109X86 BL,131,86,109,116601,24,1E
PAPERBIN 1E 0713 131X109X86 P,131,86,109,56565,24,1E
PAPERBOX 0713 1E 131X109X86 P,131,86,109,1034178,24,1E
PAPERBOX 130*110*22 12,130,22,110,9636028,,keine
PAPERBOX 0713 1E 132X122X52 BL,132,52,122,1026497,24,1E
PAPERBOX 0713 1E 130X85X73 BL,130,73,85,1036071,36,1E
PAPERBOX 0713 1B 132X99X98,132,98,99,1875598,,1B
PAPERBOX 0713 1B 132X81X103,132,103,81,1875597,,1B
RQ143873 - tbd,132000,103000,117000,1900080038,,keine
PAPERBOX 0713 1B 132X117X103,132,103,117,1875596,,1B
PAPERBOX 1E 0426 133X57X41 P,133,41,57,155116,78,1E
PAPERBOX 134X76X56,134,56,76,9625043,,keine
BOX 131 X 109 X 86,131,86,109,158191,24,keine
"PAPERBOX 0426 1E 136X103X23,5 P",136,23,103,1032855,78,1E
PAPERBOX 0427 1E 146X135X46 BL,146,46,135,1034078,25,1E
PAPERBOX 0421 1E 134X92X103 BL,134,103,92,1037328,15,1E
PAPERBOX 0421 1E 135X85X30 P,135,30,85,1031749,80,1E
PAPERBIN 1E 0713 85X135X70 P,85,70,135,56564,24,1E
PAPERBIN 1E 0713 115X135X75 P,115,75,135,56569,24,1E
PAPERBOX A2001 GZ1 WATERWORX,135000,135000,19000,168084,88,keine
PAPERBOX A2001 GZ1 TSVISIT,135000,135000,19000,198020,88,keine
PAPERBOX A2001 GZ1 AXOPCSERV,135000,135000,19000,153656,88,keine
PAPERBOX A2001 GZ1 AXWEB+,135000,135000,19000,153658,88,keine
PAPERBOX A2001 GZ1 CONFIG+,135000,135000,19000,153659,88,keine
PAPERBOX A2001 GZ1 DIAG+,135000,135000,19000,153660,72,keine
PAPERBOX A2001 GZ1 DIAG+NETSC,135000,135000,19000,153661,88,keine
PAPERBOX A2001 GZ1 FLVIEW,135000,135000,19000,153662,88,keine
PAPERBOX A2001 GZ1 NANONAV,135000,135000,19000,153664,88,keine
PAPERBOX A2001 GZ1 NETC@P,135000,135000,19000,153665,88,keine
PAPERBOX A2001 GZ1 PCWORX,135000,135000,19000,153666,88,keine
PAPERBOX A2001 GZ1 PCWORXEXPR,135000,135000,19000,153667,88,keine
PAPERBOX A2001 GZ1 PCWORXSRT,135000,135000,19000,153668,88,keine
PAPERBOX A2001 GZ1 PCWORXRT,135000,135000,19000,153669,88,keine
FALTSCH. A2001 GZ1 PORTICO,135000,135000,19000,153670,88,keine
PAPERBOX A2001 GZ1 PROJECT+,135000,135000,19000,153671,88,keine
PAPERBOX A2001 GZ1 RESY+,135000,135000,19000,153672,88,keine
PAPERBOX A2001 GZ1 SAFECONF,135000,135000,19000,153673,88,keine
PAPERBOX A2001 GZ1  SAFETYPROG,135000,135000,19000,153674,88,keine
PAPERBOX A2001 GZ1 SNMPOPC,135000,135000,19000,153675,88,keine
PAPERBOX A2001 GZ1 STARTUP+,135000,135000,19000,153676,88,keine
PAPERBOX A2001 GZ1 VISU+,135000,135000,19000,153677,88,keine
PAPERBOX A2001 GZ1 WEBVISIT,135000,135000,19000,153678,88,keine
PAPERBOX A2001 GZ1 PCWORXUA,135000,135000,19000,178921,88,keine
PAPERBOX A2001 GZ1 VISU+EXPR,135000,135000,19000,190036,88,keine
PAPERBOX A2001 GZ1 SNMP OPC SERVER,135000,135000,19000,1014893,88,keine
PAPERBOX 0423 1E 140X128X63.5 P,140,63,128,1029668,,1E
PAPERBOX 0423 1E 140X128X41.5 P,140,41,128,1029667,,1E
PAPERBOX 0713 1E 85X135X70 P,85,70,135,1030662,36,1E
PAPERBOX 0713 1E 115X135X75 P,115,75,135,1030663,24,1E
PAPERBOX 0426 1E 138X112X19 P,138,19,112,1029426,80,1E
PAPERBOX 1E 0426 138X112X44 P,138,44,112,9500048,36,1E
PAPERBOX 0713 1E 139X128X43 BL,139,43,128,1032846,26,1E
PAPER BOX 152X112X55,152,55,112,,,keine
PAPERBOX 0713 1E 139X128X50 BL,139,50,128,1032845,24,1E
PAPER BOX 139X113X56,139,56,113,177007,32,keine
PAPERBOX 0713 1E 138X113X57,138,57,113,1040777,,1E
PAPERBOX Solid Board 138X90X62 WH MERCH,138,62,90,1038596,44,keine
PAPERBOX 0427 1E 146X138X68 BL,146,68,138,1034635,17,1E
PAPERBOX 0427 1E 146X138X80 BL,146,80,138,1034636,14,1E
FALTSCHACHTEL AUTOM.BODEN 139X113X55MM NEUTRAL,139,55,113,138398,,keine
PAPERBOX 0713 1E 139X113X65,139,65,113,1040927,,1E
FALTSCHACHTEL AUTOM.BODEN 139X113X65MM BEDRUCKT,139,65,113,138403,,keine
PAPERBOX 1E 0713 139X77X88 BL,139,88,77,,27,1E
FALTSCHACHTEL 140X90X45 BLANK,140,45,90,9035547,38,keine
PAPERBOX 0427 1E 140X64X52 BL,140,52,64,199540,51,1E
PAPERBOX 0421 1E 220X130X60 BL,220,60,130,9605008,12,1E
PAPERBOX 1B 0471 140X75X65 BL,140,65,75,9501474,34,1B
FALTSCHACHTEL 140X90X65 BLANK,140,65,90,9035546,29,keine
PAPERBOX FIX 1B 140X140X95 BL,140,95,140,1011503,5,1B
PAPERBOX 0421 1E 141X117X36 BL,141,36,117,1037996,42,1E
PAPERBOX 0421 1E 141X128X61 BL,141,61,128,1037995,22,1E
PAPEREGB 1E 0426 142X72X16 BL,142,16,72,9011957,138,1E
PAPERBOX 0426 1E 142X62X33,142,33,62,1040023,,1E
PAPERBOX 1E 0426 142X64X45 P,142,45,64,9500077,61,1E
PAPERBOX 0426 1E 142X64X45 S,142,45,64,143325,61,1E
PAPERBOX 0420 1E 142X64X45,142,45,64,176465,57,1E
PAPEREGB 1E 0713 142X73X53 BL,142,53,73,9010330,44,1E
PAPER BOX 140X68X63,140,63,68,,,keine
PAPERBOX 0420 1E 142X57X64 P,142,64,57,203385,,1E
PAPERBOX 0426 1E 142X82X95 BL,142,95,82,1018132,24,1E
PAPERBOX 0426 1E 142x82x102 BL,142,102,82,1010573,18,1E
PAPER BOX 144 X 72 X 35,144,35,72,9635146,,keine
PAPERBOX 0426 1E 140X67X34 BL,140,34,67,1009810,81,1E
PAPERBOX 0423 1E 141X57X35 P,141,35,57,1021745,101,1E
PAPERBOX 0427 1E 144X124X60 BL,144,60,124,1036473,20,1E
PAPERBOX 1E 0471 145X32X35 BL,145,35,32,9030870,134,1E
PAPERBOX 0426 1E 150X142X42 CN,150,42,142,1036671,27,1E
PAPERBIN 1E 0713 145X135X81 P,145,81,135,56571,16,1E
PAPERBOX 1E 0713 145X60X82 P,145,82,60,166909,32,1E
PAPERBOX 0713 1E 145X116X86,145,86,116,1040778,,1E
PAPER BOX 146X118X88,146,88,118,177008,16,keine
PAPERBOX 1E 0713 145X96X90 P,145,90,96,9631739,15,1E
PAPERBOX 1E 0713 145X81X92 BL,145,92,81,9031226,24,1E
PAPERBIN 1E 0713 145X96X90 P,145,90,96,56570,20,1E
PAPERBOX 1E 0713 145X135X95 P,145,95,135,141081,8,1E
PAPERBOX 0426 1E 146X77X30,146,30,77,1033073,74,1E
PAPERBOX 1E 0426 146X95X35 BL,146,35,95,9500886,55,1E
BOX 146.1 X 127 X 79.4,1,79,127,162616,,keine
PAPERBOX 0713 1E 145X135X81 P,145,81,135,1030664,17,1E
PAPERBOX 0427 1E 149X53X50 P,149,50,53,1035737,65,1E
PAPERBOX 0427 1E 149X53X66 P,149,66,53,1035738,45,1E
PAPERBOX 0427 1E 149X60X66 P,149,66,60,1035739,40,1E
PAPERBOX 0427 1E 149X69X66 P,149,66,69,1035744,36,1E
PAPERBOX 1E 0426 148X106X30 P,148,30,106,9001197,55,1E
PAPERBOX 0423 1E 148X127X37,148,37,127,1039476,39,1E
PAPERBOX 0426 1E 149X86X35,149,35,86,1033069,55,1E
PAPERBOX 0426 1E 150X142X42,150,42,142,1033063,25,1E
PAPERBOX 0421 1B 150X149X51,150,51,149,1887411,,1B
FALTSCH. 150X151X 54 MM,150,54,151,9036947,20,keine
FALTSCH. 150X151X 63 MM,150,63,151,9051940,18,keine
PAPERBOX 0713 1E 150X105X85 S,150,85,105,9661532,20,1E
FALTSCH. 150X151X 85 5.61ED,150,85,151,9045066,13,keine
B0 DELIVERYBOX 150X140X110,150,110,140,1019879,8,keine
PAPERBOX 1E 0426 151X64X45 P,151,45,64,9500255,58,1E
FALTSCH. 151X127X 53 NEUTRAL,151,53,127,10437,24,keine
PAPERBOX 1E 0426 151X61X61 P,151,61,61,9502897,40,1E
PAPERBOX 1E 0713 145X60X82 BL,145,82,60,166910,32,1E
PAPERBOX 0426 1E 149X86X35 P,149,35,86,1036883,55,1E
PAPERBOX 0426 1E 152X150X42,152,42,150,1033066,45,1E
PAPERBOX 0421 1E 152X108X124 BL,152,124,108,1037329,12,1E
PAPER BOX 154X105X56,154,56,105,9604903,,keine
PAPERBOX 1E 0402A 313X66X47 BL,313,47,66,166979,21,1E
"PAPERBOX 0426 1E 156X141X23,5 P",156,23,141,1032853,49,1E
PAPERBOX 0426 1E 152X150X42 CN,152,42,150,1036674,25,1E
PAPERBOX 0427 1B 155X140X50 BL,155,50,140,1035803,23,1B
PAPERBOX 0427 1B 155X147X58,155,58,147,1040146,,1B
PAPERBOX 1E 0420A 263X66X49 BL,263,49,66,166985,24,1E
PAPERBOX 154X140X82,154,82,140,139874,14,keine
FALTSCH. 155X102X 87 BLANK,155,87,102,9026311,18,keine
PAPERBOX 1E 0426 269X172X80,269,80,172,167602,7,1E
"PAPERBOX 0713 1E 157,5X132X85 P",5,85,132,1020855,16,1E
"PAPERBOX 1E 0426 157X58X21,5 BL",157,21,58,9006012,122,1E
PAPERBOX 0427 1E 157X157X23 P,157,23,157,1033095,42,1E
PAPERBOX 1E 0426 157X117X25 P,157,25,117,141068,48,1E
PAPERBOX 0426 1E 157X142X58 BL,157,58,142,9014907,20,1E
PAPERBOX 0427 1E 158X117X54 BL,158,54,117,1017182,28,1E
PAPERBOX FIX 1E 155X150X30,155,30,150,176101,not LHM,1E
PAPERBOX FIX 1B 160X150X50,160,50,150,176100,not LHM,1B
PAPERBOX 0426 1E 160X132X60,160,60,132,1856976,,1E
INNER CARTONBOX 204X154X66,204,66,154,1110347,,keine
PAPERBOX 0713 1E 160X185X110 BL,160,110,185,1036029,7,1E
FALTSCH. 160X200X120,160,120,200,9688795,,keine
FOLDING BOX 180 X 130 X 135,180,135,130,175550,8,keine
FOLDING BOX 180 X 163 X 135,180,135,163,175551,8,keine
PAPERBOX 0426 1E 160X100X132,160,132,100,1856979,,1E
PAPERBOX 0426 1E 160X105X132 BL,160,132,105,1037951,12,1E
PAPERBOX 161X105X97 P,161,97,105,164958,15,keine
PAPERBOX 1E 0426 162X64X23 P,162,23,64,9500035,104,1E
PAPERBOX 0426 1E 162X121X185 P,162,185,121,1036385,6,1E
PAPER BOX 165X200X87,165,87,200,152368,2,keine
PAPERBOX 0426 1E 163X180X128 BL,163,128,180,1037959,6,1E
PAPERBOX 0427 1E 164X139X73 BL,164,73,139,152740,14,1E
PAPERBOX 0427 1E 167X170X67 P,167,67,170,198792,,1E
PAPERBOX 0427 1B 165X124X70 BL,165,70,124,1031750,18,1B
PAPERBOX 0713 1E 168X126X85 P,168,85,126,1020857,16,1E
paper box 168*126*85,168,85,126,1032457,,keine
CARTON BOX FOR TRIO2 5A,167000,53000,167000,187283,,keine
PAPERBOX 0713 1E 167X90X72 P,167,72,90,1037376,24,1E
PAPERBOX 1E 0713 167X98X79 BL,167,79,98,9636021,20,1E
PAPERBOX 169*100*65 1,169,65,100,9636020,,keine
CARTONBOX FOR QUINT4 CAP1KJ,167000,98000,164000,1109510,,keine
PAPERBOX 0413 1E 168X122X56,168,56,122,1039998,,1E
PAPERBOX 0426 1E 168X126X41.5 P,168,41,126,1033146,32,1E
PAPERBOX 0713 1B 171X93X84 BL,171,84,93,199183,20,1B
L2400 DELIVERYBOX 2400X220X220,2400,220,220,175345,not LHM,keine
PAPERBOX 1E 0400 170X28X158 P,170,158,28,168618,30,1E
PAPERBOX 0713 1E 170X165X52 BL,170,52,165,1036154,18,1E
PAPERBOX 1E 0426 170X89X54 P,170,54,89,9500899,34,1E
PAPERBOX 1E 0426 170X120X76 BL,170,76,120,9500365,17,1E
PAPERBIN 1E 0426 170X120X76 BL,170,76,120,56590,17,1E
FALTSCH. 170X120X 76 1.1E,170,76,120,123186,17,1E
PAPERBOX 0713 1E 170X135X92 S,170,92,135,9661580,13,1E
PAPERBOX 0713 1B 170X165X93,170,93,165,1041241,,1B
FALTSCH. 170X269X111 1.1E,170,111,269,159537,6,1E
PAPERBOX 0426 1E 171X61X31 P,171,31,61,203778,73,1E
PAPERBOX 1B 0713 171X133X84 BL,171,84,133,9661774,16,1B
PAPERBOX 172X142X71,172,71,142,9625042,,keine
PAPERBOX 174X150X92,174,92,150,139875,12,keine
PAPERBOX 0201 1B 174X162X66 BL,174,66,162,1020633,14,1B
PAPERBOX 0201 1B 174X162X87 BL,174,87,162,1020619,12,1B
QUINT4 UPS 40A BOX,175000,66000,93000,1045135,,keine
TRIO UPS 5A BOX,175000,73000,169000,1066494,,keine
DELIVERYBOX DANGEROUS GOODS-3 180X160X220,180,220,160,116292,3,keine
PAPERBOX 1E 0426 176X103X34 P,176,34,103,9501351,45,1E
PAPERBOX 0713 1E 176X103X34 BL,176,34,103,116600,40,1E
PAPERBIN 1E 0426 176X103X34 P,176,34,103,56594,45,1E
PAPERBIN 1E 0426 176X103X41 P,176,41,103,56586,39,1E
PAPERBOX 1E 0426 176X103X41 P,176,41,103,9501335,39,1E
PAPERBOX 1E 0713 176X109X55 P,176,55,109,9501319,27,1E
PAPERBIN 1E 0713 176X109X55 P,176,55,109,56577,42,1E
PAPERBOX 1E 0713 176X109X86 P,176,86,109,9501296,18,1E
PAPERBIN 1E 0713 176X109X86 P,176,86,109,56566,18,1E
PAPERBOX 0713 1E 176X109X90 BL,176,90,109,61526,15,1E
PAPERBOX 1E 0713 176X109X186 P,176,186,109,9501267,7,1E
PAPERBIN 1E 0713 176X109X186 P,176,186,109,56578,7,1E
PAPERBOX 1E 0426 176X53X56 P,176,56,53,9737837,54,1E
PAPERBOX 0713 1E 176X109X186 P,176,186,109,1030666,7,1E
QUINT4 UPS 20A BOX,178000,63000,175000,1045137,,keine
PAPERBOX 0426 1E 178X81X67,178,67,81,1856974,,1E
BOX 178X133X78 PP,178,78,133,1120396,,keine
BOX 176 X 109 X 86,176,86,109,158194,18,keine
PAPERBOX 0426 1E 178X115X94,178,94,115,1856975,,1E
PAPERBOX 0426 1E 176X50X33 P,176,33,50,1036716,100,1E
PAPERBOX 0426 1E 176X58X33 P,176,33,58,1036717,85,1E
PAPERBOX 1E 0421 179X72X36 P,179,36,72,1036715,44,1E
BOX 176 X 103 X 41,176,41,103,158193,39,keine
PAPERBOX 0421 1E 179X72X50 BL,179,50,72,9015128,39,1E
CARTON BOX FOR QUINT4 DIODE,179000,60000,178000,1283416,,keine
PAPER BOX 180X62X64,180,64,62,9625553,,keine
QUINT BUFFER 20A BOX,179000,68000,172000,1012263,,keine
QUINT BUFFER 40A BOX,179000,84000,172000,1012265,,keine
QUINT CAP 4KJ BOX,179000,108000,172000,1012117,,keine
QUINT CAP 8KJ BOX,179000,132000,172000,1012261,,keine
PAPERBOX 0421 1E 180X65X35 P,180,35,65,1031170,65,1E
PAPERBOX 0420 1E 180X64X48 BL,180,48,64,61529,,1E
PAPERBOX 0420 1E 180X64X48 BL,180,48,64,,not LHM,1E
PAPERBOX 1E 0426 180X64X48 P,180,48,64,9500080,49,1E
PAPERBOX 0427 1E 180X64X48,180,48,64,1039867,,1E
PAPERBOX 1E 0426 180X83X48 P,180,48,83,9500093,38,1E
PAPERBIN 1E 0426 180X83X48 P,180,48,83,79353,38,1E
PAPERBOX 1E 0713 180X107X51 P,180,51,107,9661487,27,1E
PAPERBOX 1E 0713 180X120X66 P,180,66,120,145222,20,1E
PAPERBOX 1E 0713 180X107X66 P,180,66,107,9661481,18,1E
PP110 DELIVERYBOX 180X140X112,180,112,140,1037911,7,keine
PP100 DELIVERYBOX 180X140X112,180,112,140,1019858,not LHM,keine
PAPERBOX 1E 0420A 241X98X34 BL,241,34,98,189241,28,1E
PAPERBOX 1B 0471 180X103X126 BL,180,126,103,9501458,9,1B
PAPERBOX 0426 1E 180X113X128 BL,180,128,113,1037978,7,1E
PAPERBOX 0443 180X157X128 BL,180,128,157,9001800,7,keine
B1 DELIVERYBOX 180X160X130,180,130,160,1019870,6,keine
PAPERBOX 0713 1C 180X120X140,180,140,120,,6,keine
CORRUGATED PACKAGE FOR FOC R4S4/S8,181000,141000,181000,187541,,keine
PAPERBOX 0420 1E 182X63X43 BL,182,43,63,116604,39,1E
PAPERBOX 1E 0426 182X71X43 P,182,43,71,9500064,45,1E
FALTSCH. 182X132X96,182,96,132,109619,7,keine
PAPERBOX 1B 0471 182X144X126 BL,182,126,144,9501555,6,1B
PAPERBOX 0713 1B 183X133X78 P,183,78,133,1035792,12,1B
PAPERBOX 1B 0713 171X133X84 SE,171,84,133,168712,13,1B
FALTSCH. 183X176X101 1.1E,183,101,176,159086,3,1E
PAPERBOX 1E 0426 184X113X48 P,184,48,113,9500420,25,1E
PAPERBOX-HC-B 6-A-D,184000,76000,118000,9624690,,keine
Paperbox of 179.7 X 85.7 X 23.5 (C-SIS-TCM-HOOD-SET),184000,89000,241000,1035724,,keine
FALTSCH.185X132X 30 1.20EBLANK,185,30,132,9053261,32,keine
PAPERBOX 0423 1E 185X123X37 P,185,37,123,203722,24,1E
PAPERBOX187*130*40MM,187,40,130,1222272,,keine
PAPERBOX 1E 0421 185X175X40 P,185,40,175,9502949,20,1E
PAPERBOX 0423 1E 185X123X47 P,185,47,123,195906,19,1E
PAPER BOX 186X70X62 WITHOUT LOGO,186,62,70,1068080,,keine
PAPERBOX 186X97X72,186,72,97,9635049,,keine
PAPERBOX-HC-B16-A-DT,185000,88000,170000,9624695,,keine
PAPERBOX 1E 0426 182X106X55 P,182,55,106,9500103,22,1E
PAPERBOX 0420 1E 186X78X64 P,186,64,78,203387,26,1E
PAPERBIN 1E 0713 186X96X92 P,186,92,96,56572,14,1E
PAPERBOX 1E 0713 186X96X92 P,186,92,96,9507779,7,1E
PAPERBOX 0426 1E 187X192X29 P,187,29,192,1029316,10,1E
PAPERBOX 1E 0426 460x90x47 P,460,47,90,1030207,,1E
PAPERBOX 0426 1E 187X192X63 P,187,63,192,1029317,4,1E
PAPERBIN 1E 0713 187X135X81 P,187,81,135,56573,12,1E
PAPERBIN 1E 0713 187X135X95 P,187,95,135,52266,6,1E
PAPERBOX 0713 1E 187X135X81 P,187,81,135,1030665,12,1E
PAPERBOX 0713 1E 187X135X95 P,187,95,135,1030661,7,1E
FALTSCH. 195X140X 47 BLANK,195,47,140,9634613,,keine
FALTSCH. 189X143X 47 BLANK,189,47,143,9621707,,keine
FALTSCH. 189X143X 47,189,47,143,9621985,,keine
PAPER BOX 186X70X62,186,62,70,182351,26,keine
FALTSCH. 189X127X 77 1.1EBLANK,189,77,127,159319,12,keine
PAPERBOX 1E 0426 189X127X77 BL,189,77,127,9500750,12,1E
KARTON A 189X189X88MM F201 WEST 1107 B,189,88,189,1025493,4,keine
Paperbox of 171.3 X 132.7 X 13 (1L+1R),189000,150000,146000,1035728,,keine
PAPERBOX 0713 1E 190X180X44 BL,190,44,180,1039876,,1E
PAPERBOX 0426 1B 190X178X45 P,190,45,178,1029176,6,1B
PAPERBOX 1E 0426 190X64X48 P,190,48,64,9500268,44,1E
PAPERBOX 0427 1B 204X177X59 BL,204,59,177,1288768,,1B
PAPERBOX-HC-B 6-I-DT,190000,76000,67000,9624691,,keine
PAPERBOX 1E 0713 104X109X86 P,104,86,109,9501322,32,1E
VERSANDKARTON V1 (190X190X 95),190,95,190,9631920,2,keine
PAPERBOX 0426 1E 190X52X20 P,190,20,52,1033147,98,1E
PAPERBOX 1E 0713 191X141X74 BL,191,74,141,9007338,12,1E
PAPERBOX 0426 1E 190X65X78 P,190,78,65,9501759,26,1E
PAPERBOX 1E 0426 192X151X30 P,192,30,151,141069,30,1E
PAPERBOX 0416 1E 192X122X85 P,192,85,122,1025450,12,1E
PAPERBOX 0713 1B 192X385X230 BL,192,230,385,9663626,not LHM,1B
PAPERBOX 1E 0421 195X128X24 P,195,24,128,9500802,38,1E
PAPERBOX 0420 1E 193X128X24 WH,193,24,128,1008139,36,1E
FALTSCH. 195X140X 47,195,47,140,9624626,,keine
PAPERBOX 0427 1B 195X176X88,195,88,176,1033039,3,1B
PAPERBOX 198X100X70,198,70,100,9624809,,keine
PAPERBOX 198X100X58,198,58,100,9624810,,keine
PAPERBOX 0201 1A 200X200X60 BL,200,60,200,198504,4,keine
PAPERBOX 0201 1E 200X150X117BL,200,117,150,186009,6,1E
DELIVERYBOX 0201 1B 200X150X126,200,126,150,1040941,,1B
PAPERBOX 205X137X55-BLANK,205,55,137,9624773,,keine
PAPERBOX FOR ISO MCR/SSR/RELAY,202000,283000,315000,1092769,,keine
PAPERBOX 1E 0400 200X190X9 P,200,9,190,167457,24,1E
PAPER BOX 203X116X81.5,203,81,116,1540471,,keine
PAPERBOX 1E 0713 203X108X94 BL,203,94,108,9636025,7,1E
FALTSCH.203X297X115 1.1E,203,115,297,159541,2,1E
"PAPERBOX 0426 1E 206X161X23,5",206,23,161,1032854,32,1E
PAPERBOX 1E 0426 204X87X38 P,204,38,87,9500488,36,1E
PAPERBOX 0713 1B 206X195X70 BL,206,70,195,199186,,1B
QUINT4-CHARGER BOX,204000,75000,196000,1096693,,keine
PAPERBOX 0713 1E 204X146X135,204,135,146,1040925,,1E
PAPERBOX 0427 1E 205X205X29 P,205,29,205,1033096,10,1E
PAPERBOX 1E 0426 205X112X54 P,205,54,112,9500129,21,1E
PAPERBOX 0420 1E 205X122X54 BL,205,54,122,62230,21,1E
PAPERBOX 205X112X54 BL,205,54,112,116602,21,keine
PAPER BOX 206 X 118 X 108,206,108,118,9620290,,keine
FALTSCH. 205X193X111 1.1E,205,111,193,159536,2,1E
PAPERBOX 1E 0713 205X175X120 P,205,120,175,9688818,6,1E
PAPERBOX 0423 1E 206X185X45 P,206,45,185,9624836,,1E
PAPER 220X215X58,220,58,215,172500,,keine
Paperbox of 205 X 43.3 X 32.3 (PU / CM / IO cover),207000,69000,221000,1035723,,keine
Paperboxof 204.3 X 23.2 X 100 (ECB hood HOUSING),208000,116000,246000,1035727,,keine
PAPERBOX 1E 0426A 209X95X47 P,209,47,95,160922,23,1E
PAPERBOX 1E 0426A 209X95X47 SE,209,47,95,160924,21,1E
PAPERBOX 211*205*55 3,211,55,205,9636024,,keine
PAPERBOX 1E 0426 209X165X147 P,209,147,165,9500514,4,1E
CARTONBOX EM-CPS-PS 3AC/24DC/5,210000,49000,260000,1073979,,keine
PAPERBOX 0427 1E 210X105X62 S,210,62,105,1031256,19,1E
PAPERBOX 0420 1E 212X85X40,212,40,85,179204,36,1E
PAPERBOX 0471 1E 242X142X50 P,242,50,142,58041,14,1E
PAPERBOX 0427 1B 268X228X149 BL,268,149,228,1037362,2,1B
PAPERB.0215 2EB 212X212X478 BL,212,478,212,156596,not LHM,keine
FALTSCH. 213X112X 47 BLANK,213,47,112,9621613,,keine
PAPERBOX 1E 0426 213X62X46 P,213,46,62,9500705,40,1E
FALTSCH. 213X112X 47,213,47,112,9621943,,keine
PAPERBOX 1B 0426 213X61X62 BL,213,62,61,9500187,24,1B
PAPERBOX 1B 0426 213X61X62 P,213,62,61,1038544,24,1B
PAPERBOX 0423 1E 216X72X49 P,216,49,72,9604627,,1E
PAPER BOX 216 X 92 X 49,216,49,92,9620973,,keine
PAPERBOX 0713 1E 216X100X75,216,75,100,1281570,14,1E
PAPERBOX 0421 1E 215X78X42 P,215,42,78,10103386,,1E
PAPERBOX 1E 0426 215X83X50 P,215,50,83,9500349,28,1E
PAPERBOX 1E 0426 215X103X50 P,215,50,103,9500352,21,1E
PAPERBOX 0423 1E 215X103X50 BL,215,50,103,61538,21,1E
PAPERBOX 0423 1E 215X183X62 P,215,62,183,197705,,1E
PAPERBOX 0427 1E 215X215X66 P,215,66,215,1033106,4,1E
PAPERBOX 0426 1E 215X78X78 S,215,78,78,143335,18,1E
PAPERBOX 0423 1E 215X78X78 BL,215,78,78,9501869,18,1E
PAPERBOX 0423 1E 215X78X78,215,78,78,176470,,1E
PAPERBOX 0201 1B 215X160X80,215,80,160,1041149,,1B
PAPERBOX 0423 1E 216X112X49 P,216,49,112,9604038,23,1E
PAPERBOX-UIK35-4C,216000,49000,72000,9624655,28,keine
PAPERBOX 0427 1E 216X72X49,216,49,72,1039302,28,1E
PAPERBOX 0427 1E 216X132X57 P,216,57,132,9604766,13,1E
FALTSCH. 216X79X78 1.1E,216,78,79,161293,18,1E
PAPERBOX 0427 1E 217X62X32 BL,217,32,62,1021918,57,1E
PAPER BOX 220X65X52,220,52,65,172501,33,keine
PAPERBOX 0421 1E 218X55X53 BL,218,53,55,1036845,39,1E
PAPERBOX 0426 1B 219X60X54 BL,219,54,60,1035797,33,1B
PAPERBOX 0427 1E 220X220X31 P,220,31,220,1033103,10,1E
PAPERBOX 0427 1E 220X220X57 P,220,57,220,1033104,6,1E
POST CARTON 225X130X80 BLANK,225,80,130,169405,,keine
PAPER BOX 220X175X87,220,87,175,152369,5,keine
UNMARKED CARTON 225X130X100,225,100,130,147312,,keine
PAPERBOX 0713 1E 220X185X110 P,220,110,185,1036028,2,1E
FALTSCH. 220X175X120,220,120,175,9688821,,keine
PAPERBOX 1E 0426 222X91X53 P,222,53,91,9500116,21,1E
PAPERBOX 0426 1E 170X105X62 S,170,62,105,1019857,,1E
PAPERBOX 0713 1B 224X200X68 BL,224,68,200,198736,,1B
PAPER BOX 225X135X84,225,84,135,128359,,keine
POST CARTON 225X130X100,225,100,130,9620070,,keine
PAPERBOX 1E 0713 223X113X94 BL,223,94,113,9636027,7,1E
PAPERBOX 0426 1E 225X213X47 P,225,47,213,1006413,CN,1E
PAPERBOX 1B 0426 224X61X61 P,224,61,61,9502910,22,1B
PAPERBOX 0427 1B 225X165X101,225,101,165,1039927,,1B
PAPERBOX 0201 1B 225X215X190,225,190,215,1040079,,1B
PAPERBOX 0427 1B 240X180X66 BL,240,66,180,1033175,4,1B
PAPEREGB 1E 0713 226X113X69 BL,226,69,113,9002411,12,1E
PAPERBOX 0426 1B 200X169X105 BL,200,105,169,1036038,7,1B
PAPER BOX  227X172X60MM,227,60,172,194645,,keine
PAPERBOX 0420 1E 227X77X64 P,227,64,77,203384,22,1E
PAPERBOX 0420 1E 227X77X64 BL,227,64,77,1021759,22,1E
FALTSCH. 228X132X 47 BLANK,228,47,132,9621671,,keine
FALTSCH. 228X132X 47,228,47,132,9621930,,keine
PAPERBOX 230*80*65  4,230,65,80,9636026,,keine
PAPERBOX 0426 1E 228X200X110,228,110,200,1038797,2,1E
PAPERBOX 0427 1E 228X99X114 BL,228,114,99,1035010,7,1E
PAPERBOX 1E 0426 229X104X17 P,229,17,104,9501966,57,1E
PAPERBOX 0426 1E 229X153X30 BL,229,30,153,1030466,22,1E
PAPERBOX 0201 1C 229X229X51 BL,229,51,229,1036532,6,keine
PAPERBOX 0427 1B 240X180X93 BL,240,93,180,1033176,2,1B
PAPER BOX 231X131X 66,231,66,131,9624644,,keine
FALTSH. 231X131X 66 BLANK,231,66,131,9624650,,keine
PAPERBOX 0427 1B 244X215X109 BL,244,109,215,1037391,2,1B
PAPERBOX 1E 0713 231X101X50 P,231,50,101,130469,21,1E
PAPERBOX 1E 0713 231X101X108 P,231,108,101,130470,7,1E
PAPERBOX 0420 1E 232X105X40,232,40,105,179205,28,1E
FALTSCH. 232X132X 47 BLANK,232,47,132,9621600,,keine
FALTSCH. 232X132X 47,232,47,132,9621927,,keine
PAPERBOX 1E 0426 232X152X58 P,232,58,152,9500132,11,1E
PAPERBOX 0420 1E 205X122X54 BL,205,54,122,62231,12,1E
PAPERBOX 1E 0427 232X176X102BL,232,102,176,152109,7,1E
PAPERBOX 234X288X110,234,110,288,139168,2,keine
PAPERBOX 0713 1B 232X190X155 BL,232,155,190,1037078,2,1B
PAPERBOX 0713 1B 232X180X200 BL,232,200,180,1037394,not LHM,1B
PAPERBOX 0713 1B 232X180X265 BL,232,265,180,1037395,not LHM,1B
PAPER BOX 232X112X80,232,80,112,1540474,,keine
FALTSCH. 233X177X102 1.1E,233,102,177,159088,3,1E
PAPERBOX 0713 GD2 235X125X72 P,235,72,125,198947,9,keine
PAPERBOX 0427 1E 237X252X90 SE,237,90,252,1034938,2,1E
CORRUGATED PACKAGE FOR UM-DB37F/PCM/CS1332,236000,166000,196000,187542,,keine
FALTSCH.4257  237X 70X29MM,237,29,70,60005,49,keine
FALTSCH.4252  237X190X29MM,237,29,190,60002,10,keine
PAPER BOX 239X260X95,239,95,260,152370,,keine
PAPERBOX 0426 1E 238X68X49 S,238,49,68,143327,32,1E
PAPERBOX 1E 0426 238X68X49 P,238,49,68,9500271,32,1E
PAPERBOX 0422 1B 238X230X50 BL,238,50,230,9001824,,1B
OUTER CARTONBOX 243X212X179,243,179,212,1130368,,keine
PAPERBOX 0421 1E 240X103X52 BL,240,52,103,1036489,21,1E
Paperbox of 203 X 23.2 X 53.6?C-SIS-EB-M-COVER-SET cover--2 parts),240000,57000,209000,1035731,,keine
PAPERBOX 0427 1E 240X142X62 BL,240,62,142,159176,11,1E
PAPERBOX 0421 1B 240X195X65 BL MERCH,240,65,195,1038759,4,1B
PAPERBOX FIX 1B 286X225X120 BL,286,120,225,1020799,2,1B
PAPERBOX 0421 1E 240X76X75 P,240,75,76,1010789,16,1E
PAPERBOX 1E 0420A 241X98X34 P,241,34,98,189240,28,1E
PAPERBOX 1E 0420A 241X98X34 SE,241,34,98,189242,35,1E
PAPERBOX 0423 1E 241X73X50 P,241,50,73,1010181,28,1E
Paper box 241*70.5*56.5mm,241000,56500,74500,9604643,,keine
PAPERBOX 0423 1E 242X192X22 BL,242,22,192,195649,12,1E
PAPERBOX 241X84X48,241,48,84,9624838,,keine
CARTON 235X170X65,235,65,170,176239,,keine
PAPERBOX 1B 0471 242X128X115 BL,242,115,128,9000711,4,1B
PAPERBOX 240*90*30 34,240,30,90,9636029,,keine
PAPERBOX 1E 0421 244X80X57 P,244,57,80,78007,24,1E
PAPER BOX 242 X 72 X 68,242,68,72,9604096,,keine
PAPERBOX 0426 1B 244X218X149,244,149,218,1039961,,1B
PAPERBOX 247X54X38,247,38,54,9624834,,keine
PAPERBOX 245X128X72,245,72,128,9624860,,keine
"PAPERBOX 0426 1E 248X210X23,5 P",248,23,210,1032856,12,1E
PAPERBOX 247X44X40,247,40,44,9624839,,keine
PAPERBOX 0713 1E 247X135X95 P,247,95,135,1030669,,1E
PACKAGING CARTON FOR 40A,246000,125000,176000,1110143,,keine
PAPERBOX 1E 0420 247X64X46 BL,247,46,64,61540,30,1E
PAPERBOX 0420 1E 247X64X46 P,247,46,64,46003,35,1E
PAPERBIN 1E 0713 247X135X81 P,247,81,135,56576,8,1E
PAPERBOX 1E 0713 247X135X75 BL,247,75,135,94920,8,1E
PAPERBOX 1E 0713 247X96X92 P,247,92,96,9507766,7,1E
PAPERBOX 0423 1E 264X103X52 BL,264,52,103,1026654,18,1E
PAPERBIN 1E 0713 247X96X92 P,247,92,96,56574,14,1E
PAPERBOX 1E 0713 247X135X95 P,247,95,135,9677955,7,1E
PAPERBOX 0201247X192X187 BL,201247,187,192,201609,not LHM,keine
CARTON BOX FOR TRIO2 10A,248000,55000,182000,202756,,keine
PAPERBOX 0427 1E 247X135X81 BL,247,81,135,1033638,8,1E
PAPERBOX 0201 2BC 248X218X210,248,210,218,1874342,,keine
PAPERBOX 0426 1E 249X147X81 BL,249,81,147,1037949,8,1E
"PAPER BOX 250X171,5X25",250000,23000,169500,9625404,,keine
PAPERBOX 0423 1E 250X124X31 P,250,31,124,1025379,26,1E
PAPERBOX 250*92*70 RIF 2 SC,250,70,92,,,keine
CORRUGATED PACKAGE 266X205X92 FOR 135FOC,266,92,205,1225148,,keine
PAPERBOX ESD 0426 1E 250X191X110 BL,250,110,191,1029859,2,1E
PAPERB.0201 2EB 250X130X123 BL,250,123,130,125355,4,keine
PAPERBOX 0471 1E 250X241X147 BL,250,147,241,1003172,2,1E
PAPERBOX 0201 1B 250X220X170 S,250,170,220,1040141,,1B
PAPERBOX 0471 1E 251X212X51 BL,251,51,212,1021955,6,1E
PAPERBOX 0427 1B 240X180X118 BL,240,118,180,1034608,2,1B
PAPERBOX 0427 1B 263X208X111 BL,263,111,208,1036433,2,1B
PAPERBOX 0423 1E 252X127X60 P,252,60,127,1025378,10,1E
PAPERBOX 0713 1E 252X156X68,252,68,156,1041199,,1E
PAPERBOX 253X166X81,253,81,166,9624817,,keine
PAPERBOX 0413 1E 253X166X85 P,253,85,166,1037203,8,1E
PAPERBOX 1E 0426 253X189X79 BL,253,79,189,9500763,4,1E
PAPERBOX 1E 0426 253X163X79 BL,253,79,163,9500433,8,1E
PAPERBOX 0471 1E 253X79X113 P,253,113,79,1017189,12,1E
PAPERBOX 0471 1E 253X101X135 P,253,135,101,1017185,6,1E
PAPERBOX 0471 1E 253X124X135 P,253,135,124,1017186,4,1E
TRIO UPS 20A BOX,254000,103000,175000,1078794,,keine
PAPERBOX 1E 0426 255X87X52 BL,255,52,87,61541,24,1E
PAPERBOX 1E 0426 255X87X52 P,255,52,87,9500307,24,1E
PAPERBOX 0426 1E 255X87X52 S,255,52,87,143328,24,1E
PAPERBOX 0427 1B 242X128X105 P,242,105,128,155478,6,1B
FALTSCH. 255 X 106 X 110,255,110,106,162613,5,keine
PAPERBOX 0421 1B 269X180X95 BL,269,95,180,187284,,1B
PAPERBOX 258X188X110,258,110,188,139162,2,keine
FALTSCH. 256X177X107 1.1E,256,107,177,159016,3,1E
PAPERBOX 0426 1E 257X135X38 P,257,38,135,1037385,17,1E
PAPERBOX 0413 1E 257X144X32 P,257,32,144,1037232,,1E
PAPERBOX 0421 1E 257X56X47 P,257,47,56,1036165,39,1E
PAPER BOX 258X131X56MM,258,56,131,199752,,keine
PAPERBOX 1E 0426A 259X95X47 P,259,47,95,160925,20,1E
PAPERBOX 1E 0426A 259X95X47 SE,259,47,95,160927,20,1E
PAPERBOX 0421 1E 260X33X25 BL,260,25,33,119496,114,1E
PAPERBOX 0423 1E 260X105X30 WH,260,30,105,1026819,30,1E
PAPERBOX 0423 1E 260X105X35,260,35,105,1041029,,1E
"PAPERBOX 0420 1E 260X85X54,5 P",260,54,85,1007130,24,1E
PAPERBOX 1E 0426 260X101X80 BL,260,80,101,9500721,12,1E
FALTSCH. 260X101X 80 1.1EBLAWH,260,80,101,9738881,,keine
PAPERBOX 0426 1E 260X100X92 P,260,92,100,1039279,7,1E
PAPERBOX 0201 1C 260X159X127,260,127,159,1887412,,keine
PAPERBOX 0201 2BC 260X160X160 BL,260,160,160,1020557,3,keine
PAPERBOX 0421 1E 261X70X47 P,261,47,70,1034219,27,1E
PAPERBOX 1E 0426 261X76X75 BL,261,75,76,9500190,16,1E
PAPERBOX 0421 1E 262X72X38 P,262,38,72,9501791,36,1E
PAPERBOX 0421 1E 262X88X38 BL,262,38,88,61577,32,1E
PAPERBOX 0421 1E 262X88X38 P,262,38,88,9501801,29,1E
PAPERBOX 0420 1E 262X103X59 BL,262,59,103,1007128,17,1E
PAPERBOX 0420 1E 262X103X59 P,262,59,103,1007129,17,1E
PAPERBOX 1E 0427 262X55X36 BL,262,36,55,9796726,51,1E
PAPERBOX 1E 0421 262X72X38 BL,262,38,72,9796739,36,1E
PAPERBOX 1E 0402A 263X49X47 P,263,47,49,166981,36,1E
PAPERBOX 1E 0420A 263X49X47 SE,263,47,49,171579,42,1E
PAPERBOX 1E 0420A 263X58X49 P,263,49,58,165827,32,1E
PAPERBOX 1E 0420A 263X58X49 SE,263,49,58,165829,30,1E
PAPERBOX 1E 0420A 263X66X49 P,263,49,66,166984,24,1E
PAPERBOX 1E 0420A 263X94X52 P,263,52,94,182356,18,1E
PAPERBOX 263X105X82,263,82,105,164959,12,keine
PAPERBOX 0413 1E 263X149X32 P,263,32,149,1037229,,1E
PAPERBOX 0426 1E 264X69X48 P,264,48,69,1039273,32,1E
PAPERBOX 0421 1E 289X62X52 P,289,52,62,1031095,30,1E
PAPERBOX 0423 1E 264X103X52 P,264,52,103,1026653,18,1E
PAPERBOX 1E 0426 265X157X20 P,265,20,157,124064,32,1E
PAPERBOX 1E 0426 265X157X37 P,265,37,157,124063,16,1E
PAPERBOX 0426 1E 265X75X49 P,265,49,75,1039274,32,1E
PAPERBOX 1E 0421 265X160X64 P,265,64,160,9500145,10,1E
PAPERBOX 0420 1E 265X160X64 BL,265,64,160,61578,8,1E
PAPERBOX 1E 0421 265X145X75 P,265,75,145,1036403,9,1E
PAPERBOX 1E 0426 265X93X91 BL,265,91,93,9501830,6,1E
PAPERBOX 0427 1B 265X110X171 BL,265,171,110,1034076,5,1B
PAPERBOX 0423 1E 266X50X35,266,35,50,1039433,53,1E
PAPERBOX 0423 1E 266X154X38 BL,266,38,154,1007127,,1E
PAPERBOX 0421 1E 266X60X40 BL,266,40,60,61580,40,1E
PAPERBOX 0421 1E 266X60X42 P,266,42,60,6286476,38,1E
PAPERBOX 0421 1E 266X84X42 S,266,42,84,143338,30,1E
PAPERBOX 0421 1E 266X60X42 S,266,42,60,143323,,1E
PAPERBOX 0426 1E 266X78X53 S,266,53,78,143324,24,1E
PAPERBOX 0426 1E 266X78X53 P,266,53,78,6286478,24,1E
PAPERBOX 1E 0420A 266X70X65 P,266,65,70,165821,20,1E
PAPERBOX 1E 0420A 266X70X65 SE,266,65,70,165823,20,1E
PAPERBOX 1E 0713 266X109X86 P,266,86,109,9501270,12,1E
PAPERBIN 1E 0713 266X109X86 P,266,86,109,56579,12,1E
PAPERBOX 0713 1E 266X109X86 BL,266,86,109,1037330,12,1E
PAPERBOX 1E 0420 266X153X91 P,266,91,153,174917,6,1E
CORRUGATED PACKAGE FOR PACCP,266000,111000,156000,187489,,keine
PAPERBOX 1E 0713 266X109X177 P,266,177,109,182018,6,1E
PAPERBOX 1E 0713 266X109X188 P,266,188,109,9501254,2,1E
PAPERBOX 1E 0426 265X157X20 P,265,20,157,1037993,28,1E
PAPERBOX 0701 1E 269X60X41 P,269,41,60,1018790,44,1E
PAPERBOX 1E 0426 265X157X37 P,265,37,157,1036879,17,1E
FALTSCH. 267X93X92 1.1E,267,92,93,161290,6,1E
PAPERBOX 0423 1E 268X171X19 P,268,19,171,1025732,33,1E
PAPERBOX 0423 1E 268X171X35 P,268,35,171,1025733,17,1E
FALTSCH. 269X169X 67 UK 35,269,67,169,9634147,,keine
PAPERBOX 0426 1B 268X228X149,268,149,228,1040033,,1B
PAPERBOX 0426 1E 410X52X55 P,410,55,52,1017251,18,1E
PAPERBOX 1E 0426 269X172X80 S,269,80,172,9057051,8,1E
PAPERBOX 0426 1E 269X203X159 BL,269,159,203,1037953,2,1E
PAPERBOX 0713 1B 270X170X89 S,270,89,170,143333,6,1B
PAPERBOX 1B 0703 270X170X89 P,270,89,170,9500695,6,1B
PAPERBOX 0713 1B 270X170X89 BL,270,89,170,61582,4,1B
PAPER BOX 270X288X110,270,110,288,152372,1,keine
B2 DELIVERYBOX 270X200X140,270,140,200,1019871,2,keine
PAPERBOX 1B 0703 270X170X188BL,270,188,170,9500983,2,1B
PAPERBOX 0427 1E 271X64X54 BL,271,54,64,61583,30,1E
PAPERBOX 1E 0426 271X64X54 P,271,54,64,9500297,30,1E
CARTON BOX 325X220X173,325,173,220,172207,,keine
PAPERBOX 1E 0420 273X143X86,273,86,143,176183,7,1E
PAPER BOX 275X188X104,275,104,188,152371,2,keine
PAPER BOX 278X173X70,278,70,173,9625162,,keine
PAPERBOX 0713 1B 274X172X170 BL,274,170,172,1011913,3,1B
PAPERBOX 1B 0713 274X172X170 BL,274,170,172,,4,1B
PAPERBOX 0423 1E 273X188X33 P,273,33,188,1037387,8,1E
PAERBOX 0426 1E 275X102X65 BL,275,65,102,1037955,16,1E
V100 DELIVERYBOX 275X185X66,275,66,185,1038161,4,keine
PAPERBOX 276X109X86,276,86,109,9624819,,keine
V200 DELIVERYBOX 275X185X102,275,102,185,194005,not LHM,keine
DELIVERYBOX DANGEROUS GOODS-2 290X210X310,290,310,210,116291,,keine
FALTSCH. 276X136X 75 1.1E,276,75,136,124235,,1E
PAPERBOX 1E 0426 276X136X75 BL,276,75,136,9500776,7,1E
FALTSCH. 276X232X108 1.1E,276,108,232,159538,2,1E
PAPERBOX 1E 0713 277X175X61 P,277,61,175,59785,10,1E
PAPER BOX 278X162X55MM,278,55,162,189175,,keine
"CARTON BOX FOR UPS1,3AH",278000,86000,180000,187136,,keine
PAPERBOX 0427 1B 566X386X80 BL,566,80,386,1004261,not LHM,1B
PAPER BOX 280 X 92 X 87,280,87,92,9604960,,keine
C-ES-FTB-SD-120 CARTON,279000,89000,76000,1306238,,keine
CARTON BOX FOR EM-CPS,279000,91000,266000,1165126,,keine
PAPERBOX 0421 1B 279X241X152 BL,279,152,241,1036090,2,1B
FALTSCH. 280X 57X 47,280,47,57,9621888,,keine
PAPERBOX 1E 0421 280X210X79 BL,280,79,210,9500941,4,1E
PAPERBOX 1E 0426 276X266X75 BL,276,75,266,9500789,4,1E
PAPERBOX 1E 0713 280X135X95 P,280,95,135,141080,4,1E
PAPERBOX 0426 1B 280X242X136 BL,280,136,242,1037350,2,1B
PAPERBOX 0713 2E 280X155X220 WH,280,220,155,1020844,2,keine
PAPERBOX 281X164X74,281,74,164,138981,,keine
FALTSCH. 0420 1E 281X157X73,281,73,157,158371,8,1E
KAT SCHUBER ZUSCHNITT WELLPAPP,282000,21000,212000,52005126,,keine
FALTSCH. 0420 1E 282X181X102,282,102,181,158377,,1E
FALTSCH. 282X272X108 1.1E,282,108,272,159540,1,1E
"CARTON BOX FOR UPS7,2/12AH",282000,135000,238000,187138,,keine
PAPERBOX 1E 0426 283X68X62 P,283,62,68,9500747,20,1E
PAPERBOX 0426 1E 283X68X62,283,62,68,1041028,,1E
PAPERBOX 0421 1E 283X68X62 BL,283,62,68,61584,16,1E
PAPERBOX 283X 68X 66 1.1E,283,66,68,169049,14,1E
PAPERBOX 284X64X40,284,40,64,9624842,,keine
PAPERBOX 287X134X74,287,74,134,138980,,keine
PAPERBOX 0420 1B 285X235X130BL,285,130,235,9501021,2,1B
SVI SCHIENENVERS. 285X285X1000,285,1000,285,9687220,not LHM,keine
PAPERBOX 0426 1E 287X66X41 P,287,41,66,1039271,28,1E
FALTSCH. 0420 1E 287X126X70,287,70,126,158190,8,1E
PAPERBOX 287X104X74,287,74,104,138979,15,keine
FALTSCH. 287X92X73 1.1E,287,73,92,159013,12,1E
FALTSCH. 290X 68X 50,290,50,68,9624642,,keine
PAPER BOX 289X204X69MM,289,69,204,194435,,keine
PAPERBOX 1E0426 289X187X163 BL,289,163,187,166515,2,keine
PAPERBOX 1B 0421 290X240X35 P,290,35,240,187777,8,1B
PAPERBOX 290X 68X 50 BLANK,290,50,68,9624651,,keine
PAPERBOX 0421 1E 292X109X66 P,292,66,109,1007943,10,1E
PAPERBOX 1B 0701 290X250X70 BL,290,70,250,1021027,4,1B
FALTBODENSCHACHTEL 290X250X70 MM,290,70,250,194385,,keine
FALTSCH. 290X 68X 78,290,78,68,9624643,,keine
FALTSCH. 290X 68X 78 BLANK,290,78,68,9624653,,keine
PAPERBOX 0426 1E 290X146X82 P,290,82,146,1018371,7,1E
PAPERBOX 290X250X88,290,88,250,1026371,,keine
PAPERBOX 0712 1B 290X205X113,290,113,205,,2,1B
FALTKARTON 1.20C  CO 11  290X200X120 MM,290,120,200,138410,,keine
VERSANDKARTON V3 (290X250X130),290,130,250,9631836,2,keine
PAPERBOX 0423 1E 293X160X65.5 P,293,65,160,1029672,,1E
PAPERBOX 0204 2EB 292X224X91 BL,292,91,224,1021391,2,keine
PAPERBOX 1E 0426 295x90x47 BL,295,47,90,1030206,,1E
PAPERBOX 1E 0426 295x90x47 P,295,47,90,1030209,,1E
CARTON BOX FOR IP67,293000,73000,217000,,,keine
PAPERBOX 0426 1E 293X187X89,293,89,187,1038447,2,1E
PAPERBOX 0421 1B 284X135X114 P,284,114,135,1037227,,1B
QUINT UPS BAT 12AH BOX,294000,136000,264000,1042783,,keine
FALTSCH. 294X 80X392 2.3E,294,392,80,9500226,2,keine
PAPERBOX 0427 1B 295X248X86,295,86,248,1039877,,1B
PAPERBOX 0201 1E 295X195X140 BL,295,140,195,1021194,2,1E
FALTSCH. 296X255X118 1.1E,296,118,255,159542,2,1E
PAPERBOX 1E 0426 297X187X35 BL,297,35,187,116510,8,1E
PAPERBOX 0426 1E 297X187X35 P,297,35,187,180366,8,1E
PAPERBOX 0423 1B 297X197X40 BL,297,40,197,9001823,8,1B
PAPERBOX 0XXX 1B 309X242X84 BL,309,84,242,195843,4,1B
PAPERBOX 0301 297X397X297 BL,297,297,397,201574,not LHM,keine
PAPERBOX 0426 1E 297X56X47 P,297,47,56,1036383,33,1E
PAPERBOX 0426 1E 298X93X52,298,52,93,1866891,,1E
COIL DISC 9BCE 300X300 P,300000,28000,300000,161427,not LHM,keine
PAPERBOX 0427 1E 300X183X55 BL,300,55,183,1003168,6,1E
PAPERBOX 0201 1E 300X200X117BL,300,117,200,186010,2,1E
PAPERBOX 0201 1B 300X250X120 BL,300,120,250,9502211,2,1B
PAPERBOX 0201 2BA 300X250X150 BL,300,150,250,198503,2,keine
FALTSCH. 302X 57X 47 BLANK,302,47,57,9621244,,keine
FALTSCH. 302X 57X 47,302,47,57,9621862,,keine
PAPERBOX 0421 1EB 303X250X171 BL,303,171,250,1032432,PXCPS,keine
FALTSCH. 303 X 82 X 26,303,26,82,162611,40,keine
PAPERBOX 0426 1E 305X38X50 P,305,50,38,1017253,42,1E
PAPERBOX 1E 0426 305X103X52 P,305,52,103,9500323,15,1E
PAPERBOX 1E 0420 305X103X53 P,305,53,103,172226,15,1E
PAPERBOX 0426 1E 305X103X52,305,52,103,1039366,15,1E
PAPERBOX 0426 1E 305X103X59 BL,305,59,103,9796742,not LHM,1E
PAPERBOX 1E 0426 305X103X59 P,305,59,103,9500310,13,1E
PAPERBOX 0426 1E 305X103X59 S,305,59,103,143329,13,1E
PAPERBOX 0426 1E 305X103X59,305,59,103,1041027,,1E
PAPERBOX 0420 1E 305X126X59 BL,305,59,126,61587,8,1E
PAPERBOX 0420 1E 305X126X59 P,305,59,126,9501584,8,1E
PAPERBOX 0426 1E 305X126X59 S,305,59,126,143334,8,1E
ESA470 DELIVERYBOX 305X215X70,305,70,215,1036126,4,keine
PAPERB.0201 2EB 305X305X147 BL,305,147,305,125386,not LHM,keine
PAPERBOX 0427 1E 306X92X28,306,28,92,1039981,25,1E
CARTON BOX FOR CAP 16KJ,306000,153000,206000,1257678,,keine
PAPERBOX 307X54X40,307,40,54,9624840,,keine
PAPERBOX 0420 1E 305X126X59,305,59,126,1634739,,1E
PAPERBOX BOTTOM 0306 1B 307X356X102 BL,307,102,356,1027012,1,1B
PAPERBOX BOTTOM 0306 1B 307X356X210 BL,307,210,356,1026999,not LHM,1B
KAT.VERPACKUNG F.SCHUBER 2002,307000,232000,129000,5143302,,keine
PAPERB.0215 2EB 307X175X330 BL,307,330,175,145187,,keine
PAPERBOX COVER 0306 1B 308X358X60 BL,308,60,358,1027013,2,1B
FALTSCH. 308 X 80 X 65,308,65,80,162612,16,keine
PAPERBOX 0421 1B 308X173X66 P,308,66,173,177486,not LHM,1B
PAPERBOX 0421 1E 310X33X25 BL,310,25,33,119495,6,1E
PAPERBOX B2150 GD2 310X225X50 S,310,50,225,69088,6,keine
PAPERBOX 312*100*53 2,312,53,100,9636022,,keine
PAPERBOX 1E 0713 310X98X77 BL,310,77,98,9636023,10,1E
PAPERBOX 0426 1E 310X105X96 P,310,96,105,1039301,5,1E
DELIVERYBOX 0201 1B 310X215X140,310,140,215,1040942,,1B
DELIVERYBOX FS030 310X215/140X85MM A4,310000,140000,215000,,,keine
DELIVERYBOX 0201 1B 310X215X250,310,250,215,1040943,,1B
PAPERBOX 0426 1E 311X164X54 P,311,54,164,1034792,10,1E
PAPERBOX 0421 1E 311X115X57 BL,311,57,115,177485,12,1E
PAPERBOX 423 1E 316X158.5X80 P,311000,78000,78000,1029665,,1E
PAPERBOX 0201 311X127X177 BL,311,177,127,201602,4,keine
PAPERBOX 0420 1E 312X112X52 BL,312,52,112,116603,15,1E
PAPERBOX 1E 0426 312X112X52 P,312,52,112,9500161,15,1E
PAPERBOX 0427 1E 312X83X62,312,62,83,1039979,16,1E
PAPERBOX 0423 1E 312X133X80.5 P,312,80,133,1029670,,1E
FALTSCH. 0420 1E 312X140X96,312,96,140,158431,5,1E
Paperbox of 310 X 131 X 40 (C-SIS-ECB-HOOD-SET-L),310,40,131,1035726,,keine
PAPERBOX 0421 1E 313X87X42 S,313,42,87,143337,18,1E
PAPERBOX 1E 0420 313X48X47 P,313,47,48,173550,27,1E
PAPERBOX 1E 0402A 313X51X47 P,313,47,51,166974,27,1E
PAPERBOX 1E 0420A 313X51X47 SE,313,47,51,172681,33,1E
PAPERBOX 1E 0402A 313X66X47 P,313,47,66,166978,21,1E
PAPERBOX 1E 0402A 313X66X47 SE,313,47,66,166980,25,1E
PAPERBOX 1E 0402A 313X58X49 P,313,49,58,166975,24,1E
PAPERBOX 1E 0402A 313X58X49 SE,313,49,58,166977,26,1E
PAPERBOX 1E 0420A 313X58X75 P,313,75,58,166982,16,1E
PAPERBOX 315X147X99,315,99,147,139154,5,keine
PAPERBOX 315X188X99,315,99,188,139155,2,keine
FALTSCH. 313X180X96 1.1E,313,96,180,159076,2,1E
Paperbox of 310 X 132.5 X 39.5 ?C-SIS-MCB-HOOD-SET),313000,137000,137000,1035725,,keine
CORRUGATED PACKAGE FOR AI/AO/PCMZ/PI/RTD/SSR,314000,150000,211000,187496,,keine
PAPERBOX 0201 314X269X231 BL,314,231,269,201585,not LHM,keine
PAPERBOX 0426 1E 315X60X42 S,315,42,60,143336,32,1E
PAPERBOX 0426 1E 315X60X42 P,315,42,60,1038550,32,1E
SVA SCHIENENVERS. 315X305X1050,315,1050,305,9687233,not LHM,keine
PAPERBOX 203X190X110,203,110,190,139161,2,keine
PAPERBOX 203X308X120,203,120,308,139171,2,keine
PAPERBOX 0426 1E 316X89X50 P,316,50,89,9501487,15,1E
PAPERBOX 503X285X105,503,105,285,139163,15,keine
PAPERBOX 184X188X105,184,105,188,139157,2,keine
PAPERBOX 234X188X106,234,106,188,139158,2,keine
PAPERBOX 284X188X105,284,105,188,139159,2,keine
PAPERBOX 184X288X110,184,110,288,139167,,keine
PAPERBOX 495X147X104,495,104,147,139164,3,keine
PAPERBOX 284X288X110,284,110,288,139169,1,keine
PAPERBOX 258X308X120,258,120,308,139172,2,keine
PAPER BOX 322 X 68 X 50,322,50,68,9604232,,keine
FALTSCH. 320X 68X 47 BLANK,320,47,68,9621202,,keine
PAPERBOX 1E 0420A 316X70X65 P,316,65,70,165824,16,1E
PAPERBOX 1E 0420A 316X70X65 SE,316,65,70,165826,16,1E
PAPERBOX 0423 1E 316X207X78.5 P,316,78,207,1029673,,1E
PAPERBOX 1E 0426 317X74X53 P,317,53,74,9500640,21,1E
PAPERBOX 0423 1E 317X74X53 BL,317,53,74,61589,21,1E
PAPERBOX 0426 1E 317X83X69 S,317,69,83,143332,14,1E
PAPERBOX 1E 0426 317X83X69 BL,317,69,83,9500682,14,1E
PAPERBOX 0420 1E 317X83X69 BL,317,69,83,61590,12,1E
"BOX, 12.5 X 1 X 1",5,1,1,128464,114,keine
PAPERBOX 1E 0426 315X64X48 BL,315,48,64,9500284,26,1E
PAPERBOX FOR ISOSUB/CS1811,318000,143000,197000,1092770,,keine
TIANSHAN-PACKAGE2,318000,149000,173000,1339869,,keine
FALTSCH. 320X 68X 47,320,47,68,9621846,,keine
PAPERBOX 0421 1B 316X186X47 P,316,47,186,1037228,,1B
PAPERBOX 0427 1E 320X130X90 P,320,90,130,1034912,8,1E
PAPERBOX 0713 1E 320X106X100 BL,320,100,106,1021974,5,1E
PAPERBOX 04231E 321X277X101 BL,321,101,277,159535,1,keine
PAPERBOX 0427 1B 322X250X40 BL,322,40,250,1039496,,1B
PAPERBOX 0427 1B 322X250X80 BL,322,80,250,1037013,4,1B
FALTSCH. 0420 1E 325X188X74,325,74,188,158372,4,1E
VERSANDKARTON V2 (325X120X 80),325,80,120,9631933,8,keine
PAPER BOX 325X180X110,325,110,180,1027004,,keine
PAPER BOX 330X128X157,330,157,128,,,keine
PAPERBOX 0423 1E 330X87X76 P,330,76,87,1020853,14,1E
PAPERBOX 0202 1C 330X229X106 BL,330,106,229,1033986,not LHM,keine
PAPERBOX 0420 1B 330X175X65 BL,330,65,175,9001384,8,1B
V300 DELIVERYBOX 330X255X155,330,155,255,1002737,not LHM,keine
PAPERBOX 0426 1E 330X175X53.5 BL,330,53,175,1034227,9,1E
FALTSCH.4254  332X 70X29MM,332,29,70,60004,37,keine
FALTSCH.3949  332X190X29MM,332,29,190,60003,10,keine
PAPERBOX 0427 2EB 332X332X88,332,88,332,1032436,,keine
PAPERBOX 0427 2EB 332X332X133,332,133,332,1032435,,keine
PAPERB. 0471 1B 330X210X100 BL,330,100,210,125566,2,1B
PAPERBOX FIX 1B 165X200X67,165,67,200,176099,not LHM,1B
PAPER BOX 336X156X142,336,142,156,1328269,,keine
PAPERBOX 0427 1E 335X155X224BL,335,224,155,197701,2,1E
PAPERBOX 0201 1C 335X235X335 BL,335,335,235,1040786,,keine
PAPERBOX 0426 1E 336X67X40 P,336,40,67,1039272,28,1E
PAPERBOX 0423 1E 338X59X76 P,338,76,59,1020852,21,1E
PAPERBOX 0201 1B 340X175X35,340,35,175,1906868,,1B
INLAY 0901 1B 340X250X40 BL,340,40,250,1029855,not LHM,1B
PAPERBOX 0426 1E 340X116X52 P,340,52,116,1034793,14,1E
PAPERBOX 0201 1C 340X340X130 BL,340,130,340,1013255,1,keine
PAPERBOX 342X54X50,342,50,54,9624845,,keine
PAPERBOX 0426 1E 342X110X52,342,52,110,1038479,14,1E
PAPERBOX 0427 1E 343X250X55 BL,343,55,250,1003170,3,1E
PAPERBOX 0420 1E 343X252X61 BL,343,61,252,144370,4,1E
PAPERBOX 1E 0426 343X252X61 P,343,61,252,9053120,4,1E
PAPER BOX FOR SG 10 POLE SOCKET,345000,49000,208000,1668884,,keine
PAPERBOX 0215 1B 345X200X105 BL,345,105,200,,2,1B
PAPERBOX 0423 1E 350X87X76 P,350,76,87,1020854,14,1E
CORRUGATED PACKAGE FOR PCC,348000,115000,246000,187490,,keine
KARTON (348X182X124),348,124,182,9033791,2,keine
PAPERBOX 1B 0713 348X270X158 P,348,158,270,9500996,2,1B
PAPERBOX 349X84X45,349,45,84,9624835,,keine
PAPERBOX 0XXX 2BC361X307X142BL,361,142,307,195842,1,keine
"BOX 349,25 X 292,1 X 190,5",349000,191000,292000,140952,,keine
FALTSCH. 350X350X 70,350,70,350,9501814,,keine
PAPERBOX 0427 1B 350X342X114 Comfort,350,114,342,1039307,1,1B
PAPERBOX 0427 1B 350X342X114 ECO,350,114,342,1039308,1,1B
PAPERBOX 0427 1B 350X342X114 BL,350,114,342,1039506,1,1B
PAPERBOX 0427 1B 350X342X114 COMFORT BLS,350,114,342,1040119,,1B
PAPERBOX 0703 1B 350X250X134,350,134,250,1882155,,1B
PAPERBOX 0201 2BC 350X350X160 BL,350,160,350,1025477,not LHM,keine
CARDBOARD BOX 300X350X250 MM,300,250,350,1661811,,keine
PAPERBOX 0421 1E 352X56X47 P,352,47,56,1036168,31,1E
PAPERBOX 0426 1E 335X38X71 P,335,71,38,1017252,28,1E
PAPER BOX 356 X 110 X 92,356,92,110,9604177,,keine
PAPERBOX 1B 0400 355X210X100 BL,355,100,210,9447936,1,1B
PAPERBOX 0420 1B 355X210X150BL,355,150,210,9007438,1,1B
PAPERBOX 1B 0444 355X215X165 BL,355,165,215,9003108,1,1B
PAPERBOX 0426 1B 356X96X87 S,356,87,96,143326,6,1B
PAPERBOX 1B 0426 356X96X87 P,356,87,96,9500213,6,1B
FALTSCH. 356X 96X 87 1.2B (BLANCO),356,87,96,6262342,not LHM,keine
PAPERBOX 1B 0427 358X123X80 BL,358,80,123,190676,4,1B
PAPERBOX 1B 0427 358X163X80 BL,358,80,163,188790,4,1B
PAPERBOX 1E 0426 360X103X52 P,360,52,103,9500336,9,1E
PAPERBOX 0420 1E 360X103X52 BL,360,52,103,62232,15,1E
PAPERBOX 1E 0426 360X112X52 P,360,52,112,9500174,9,1E
PAPERBOX 1E 0426 360X131X103 BL,360,103,131,9500200,3,1E
FALTKISTE 230EB LASCHENKLEBUNG 360X280X195MM,360,195,280,138405,,keine
DELIVERYBOX 0201 1B 360X255X220,360,220,255,1040944,,1B
PAPERBOX 0426 1E 364X40X50 P,364,50,40,1017250,26,1E
FALTSCH. 364X 59X 47 BLANK,364,47,59,9621189,,keine
FALTSCH. 364X 59X 47,364,47,59,9621820,,keine
PAPERBOX 364X64X40,364,40,64,9624844,,keine
PAPERBOX 0423 1E 362X58X50 P,362,50,58,1021744,15,1E
PAPER BOX  362 X 92 X 57,362,57,92,9604041,9,keine
PAPER BOX 360X140X110,360,110,140,196283,,keine
B3 DELIVERYBOX 365X265X115,365,115,265,1019873,1,keine
PAPERBOX 0426 1B 365X360X129,365,129,360,1892870,,1B
PAPERBOX 367X54X40,367,40,54,9624841,,keine
TIANSHAN-PACKAGE1,368000,46000,200000,1339871,,keine
PAPER BOX 366 X 125 X 114,366,114,125,9604371,,keine
PP210 DELIVERYBOX 370X240X112,370,112,240,1037767,1,keine
PP200 EB DELIVERYBOX 370X240X112,370,112,240,1019859,1,keine
PP310 DELIVERYBOX 370X240X172,370,172,240,1037768,1,keine
PP300 B DELIVERYBOX 370X240X172,370,172,240,1019861,not LHM,keine
PP410 DELIVERYBOX 370X240X230,370,230,240,1037769,not LHM,keine
PP400 B DELIVERYBOX 370X240X230,370,230,240,1019862,not LHM,keine
PAPERBOX 370X235X230 S,370,230,235,9604562,,keine
FALTSCH. 0420 1E 372X127X73,372,73,127,158373,8,1E
KARTON S3 (380X275X290),380,290,275,9660429,not LHM,keine
PAPERBOX 1E 0426 376x90x47 P,376,47,90,1030208,,1E
FALTSCH. 374X98X72 1.1E,374,72,98,159015,7,1E
TVP SE S02 UT 374X273X135,374,135,273,9799914,not LHM,keine
TVP SE S03 UT 374X273X285,374,285,273,145194,not LHM,keine
PAPERBOX 0427 1E 375X375X37 P,375,37,375,1033105,not LHM,1E
PAPERBOX 0423 1E 375X134X74 P,375,74,134,138984,,1E
PAPERBOX 378X188X110,378,110,188,139160,1,keine
PAPERBOX 378X308X120,378,120,308,139170,1,keine
FALTSCH. 377X177X105 1.1E,377,105,177,159089,1,1E
BAHNKARTON B4 (377X250X285),377,285,250,9502088,,keine
PAPER BOX 400X278X90,400,90,278,9625195,,keine
KARTON B 378X189X88MM F201 WEST 1107 B,378,88,189,1025497,2,keine
TVP SE S01 UT 380X127X139,380,139,127,145190,not LHM,keine
KARTON C 378X189X183MM F201 WEST 1107 B,378,183,189,1025496,not LHM,keine
PP LID 200/400 379X249X50,379,50,249,1019863,3,keine
PP LID 210/310/410 379X249X50,379,50,249,1037758,3,keine
383X200X57-5POLE SOCKET PAPER BOX,383,57,200,1547792,,keine
DD21H 0.85-PACKING BOX,380000,28000,204000,1504632,,keine
PAPERBOX 0423 1E 383X132X44.5 P,383,44,132,1029669,,1E
PAPERBOX 0421 1E 380X390X90 BL,380,90,390,1036073,not LHM,1E
PAPERBOX 0421 1E 380X390X90 S ECO,380,90,390,1036905,not LHM,1E
PAPERBOX 0421 1E 380X390X90 S,380,90,390,1035241,not LHM,1E
PAPERBOX 0421 1E 380X390X110 S,380,110,390,1035242,not LHM,1E
PAPERBOX 0421 1E 380X390X110 BL,380,110,390,1036072,not LHM,1E
PAPERBOX 0421 1E 380X390X110 BL/S,380,110,390,1037997,not LHM,1E
PAPERBOX 0201 2BC 380X380X300 BL,380,300,380,,,keine
PAPERBOX 387X109X60,387,60,109,9624820,,keine
KARTON D 384X284X183MM F201 WEST 1110 B,384,183,284,1025495,not LHM,keine
PAPERBOX 1B 0713 385X185X225 S,385,225,185,9736032,not LHM,1B
PAPERBOX 0427 1B 385X340X129,385,129,340,1040867,,1B
PAERBOX 0701 385X285X200 S MERCH,385,200,285,1038619,not LHM,keine
PAPERBOX 0713 1B 385X190X235 S,385,235,190,9049664,not LHM,1B
PAPERBOX 0201 2BC 385X350X260,385,260,350,187255,not LHM,keine
PAPERBOX 0201 2BC 385X385X260 BL,385,260,385,1036904,not LHM,keine
S400 DELIVERYBOX 385X380X293,385,293,380,1026209,not LHM,keine
PAPERBOX 2.30EB_386X386X150,386,150,386,174488,,keine
PAPER BOX-DIKD-24PIN-B,387000,116000,121000,9625115,,keine
CORRUGATED PACKAGE FOR SBD,389000,197000,306000,187494,,keine
PAPERBOX 390X250X88,390,88,250,1026370,,keine
PAPERBOX 1E 0426 170X89X54 BL,170,54,89,9006011,34,1E
PAPERBOX 0227 1B 390X182X97 BL,390,97,182,1037235,,1B
PAPERBOX 0211 1B 390X290X98 S,390,98,290,9661228,1,1B
1/2 STANDARD CARTON397X245X135,397,135,245,9620067,,keine
VERSANDKARTON V5 (390X250X155),390,155,250,9503812,1,keine
VERSANDKARTON V4 (390X250X285),390,285,250,9631823,not LHM,keine
V400 DELIVERYBOX 390X255X285,390,285,255,1002738,not LHM,keine
DELIVERYBOX DANGEROUS GOODS-1 400X400X440,400,440,400,116290,,keine
PAPERBOX 0426 1E 148X106X30 BL,148,30,106,9010079,55,1E
PAPERBOX 0426 1E 392X67X40 P,392,40,67,1039259,16,1E
FALTSCH. 392X126X109 1.1E,392,109,126,161292,3,1E
TVP SE S03 OT 393X291X48,393,48,291,145195,not LHM,keine
TVP SE S01 OT 393X140X58,393,58,140,145191,not LHM,keine
KARTON E 394X294X261MM F201 WEST 1107 B,394,261,294,1025494,not LHM,keine
PAPER BOX 404X249X271,404,271,249,9625212,,keine
PAPERBOX 0426 1B 397X282X123 BL,397,123,282,1026655,1,1B
PAPERBOX FIX 1B 400X250X30 BL,400,30,250,1003683,2,1B
PAPERBOX 1E 0426 400X64X51 P,400,51,64,9500378,12,1E
PAPERBOX 0201 1E 400X300X120 BL,400,120,300,186011,1,1E
B5 DELIVERYBOX 400X250X210,400,210,250,1019874,not LHM,keine
DELIVERYBOX DANGEROUS GOODS 405X238X285,405,285,238,1040897,,keine
CARTON BOX FOR KC 10A,405000,300000,286000,1260361,,keine
PAPERBOX 0201 1C 406X305X203,406,203,305,1039976,not LHM,keine
PS IP67 PACKING BOX,407000,163000,239000,1100298,,keine
PAPERBOX 0427 1B 410X210X85,410,85,210,179615,2,1B
CARTON 412X291X245,412,245,291,9624662,,keine
PAPERBOX 0422 1B 416X317X60 BL,416,60,317,9001825,,1B
PAPERBOX 0420 1B 410X102X60 P,410,60,102,180543,5,1B
PAPERBOX 1E 420 113X100X27 BL,113,27,100,9042843,88,1E
PAPERBOX 0420 1B 255X140X110 BL,255,110,140,162614,4,1B
PAPERBOX 0423 1E 420X235X130BL,420,130,235,9501018,1,1E
PAPERBOX 0426 1E 390X38X71 P,390,71,38,1017255,16,1E
DELIVERYBOX 0201 1B 430X310X220,430,220,310,1040945,,1B
FALTKARTON 2.50BC  CO 12  430X310X290MM,430,290,310,138407,,keine
Paperbox of 204.3 X 42.7 X 121.7 (C-SIS-CM-M-CUP-SET CM housing),434000,139000,206000,1035729,,keine
Paperbox of 179.7 X 85.7 X 68.4 (5 parts shared),435000,73000,186000,1035730,,keine
PAPERBOX 0427 436X253X152 S,436,152,253,195063,,keine
PAPERBOX 0426 1E 440X38X71 P,440,71,38,1017203,16,1E
CARDBOARD BOX 448MMX396MMX236MM,439000,214000,377000,9621037,,keine
PAPERBOX 0201 439X319X300 BL,439,300,319,201603,not LHM,keine
B4 DELIVERYBOX 440X330X220,440,220,330,1019872,not LHM,keine
DELIVERYBOX 0201 1B 440X310X320,440,320,310,1040947,,1B
BOX 17-1/2 X 9 X 7,2,7,9,193546,,keine
PAPERBOX 0201 447X257X187 BL,447,187,257,201601,not LHM,keine
PAPERBOX 0201 2BC 448X376X221 S,448,221,376,1909880,,keine
OUTER CARTONBOX 452X212X212,452,212,212,9077451,,keine
FALTKARTON 2.90C  CON 2  450X345X120MM,450,120,345,138408,,keine
PAPERBOX 0426 1B 452X287X80,452,80,287,1038545,2,1B
PAPERBOX 0426 1E 454X153X30 BL,454,30,153,1030465,10,1E
PAPERBOX 0426 1E 113X100X36 BL,113,36,100,9052332,60,1E
PAPERBOX 1E 0420 454X153X37 P,454,37,153,174923,8,1E
PAPERBOX 0427 1E 455X200X108 BL,455,108,200,1004649,1,1E
FALTSCH. (455X335X130) [MAG),455,130,335,109712,1,keine
PAPERBOX 0200 2BC 455X350X300 BL,455,300,350,1036086,not LHM,keine
FALTSCH. 150X151X 85 BLANK,150,85,151,9053429,not LHM,keine
PAPERBOX 0201 2BC 458X389X242 MERCH,458,242,389,1039127,not LHM,keine
PAPERB.0201 2BC 460X310X147 BL,460,147,310,125387,not LHM,keine
PAPERBOX 0201 1C 460X432X327 BL,460,327,432,1025296,not LHM,keine
CORRUGATED PACKAGE FOR 3DI/3DI-S/AI-S/PI-S/RTRM,461000,150000,212000,187495,,keine
CORRUGATED RUNNER 600X88X110,600,110,88,189641,not LHM,keine
PAPERBOX 1E 0426 123X113X48 BL,123,48,113,9425848,42,1E
PAPER BOX 460X180X110,460,110,180,196285,,keine
SP VERPACKUNG THERMOMARK CARD SET,472000,452000,385000,52006771,,keine
SP VERPACKUNG THERMOMARK  ROLL SET,472000,452000,385000,52006773,,keine
PAPERBOX 2.30EB_486X386X200,486,200,386,174489,,keine
DELIVERYBOX 0201 2AB 488X250X155 BL,488,155,250,1012119,not LHM,keine
PAPERBOX 0421 1B 490X115X26 BL,490,26,115,1025699,12,1B
FALTSCH. 0420 1E 491X137X99,491,99,137,158378,3,1E
"BOX, 19 3/8 X 8 1/4 X 4 3/4",492000,121000,210000,146380,,keine
FALTSCH. 493X181X102 1.1E,493,102,181,159091,1,1E
PAPERBOX 495X188X104,495,104,188,139165,1,keine
PAPERBOX 0201 2BC 500X500X250 BL,500,250,500,1037384,not LHM,keine
PAPERBOX 1E 0420 518X45X23 BL,518,23,45,9500051,43,1E
PAPER BOX 515X185X125,515,125,185,9625302,,keine
PAPERBOX 0447 1E 520X45X35 BL,520,35,45,1038186,32,1E
CARDBOARD BOX 510*530*350 MM,510,350,530,193582,,keine
PAPERBOX 0452 1B 525X213X155 BL,525,155,213,9006184,not LHM,1B
FALTKARTON 2.50BC  272  525X400X450MM,525,450,400,138406,,keine
PAPERBOX 0427 1B 530X240X85,530,85,240,179614,not LHM,1B
PAPERBOX 0420 1E 530X131X103,530,103,131,9050013,3,1E
PAPERBOX 0201 2BC 534X386X160 P,534,160,386,1040918,,keine
PAPERBOX 0713 1E 540X130X141 BL,540,141,130,1034567,2,1E
POSTKARTON MBK  (540X150X135),540,135,150,9502240,2,keine
PAPERBOX 0201 1B 540X170X135BL,540,135,170,191541,2,1B
PAPERBOX 0201 1B 540X220X135BL,540,135,220,194893,1,1B
PP510 DELIVERYBOX 541X341X182,541,182,341,1037770,not LHM,keine
PP610 DELIVERYBOX 541X341X317,541,317,341,1037771,not LHM,keine
B9 DELIVERYBOX 545X335X255,545,255,335,1019875,not LHM,keine
PAPERBOX 0201 2BC 545X460X260,545,260,460,187257,not LHM,keine
DELIVERYBOX 0201 1B 550X330X380,550,380,330,1040946,,1B
DELIVERYBOX FS080 550X330X380MM/300,550,380,330,7201606,,keine
PAPERBOX 0201 2BC 552X480X250BL,552,250,480,9677560,not LHM,keine
PAPERBOX 1B 0427 553X171X106BL,553,106,171,167191,3,1B
PAPERBOX 0427 1E 555X66X75 P,555,75,66,1037718,not LHM,1E
PP LID 510/610 556X356X80,556,80,356,1037759,not LHM,keine
BAHNKARTON BK (560X345X 92),560,92,345,9502237,,keine
PAPERBOX FOR JB AL D ISOLATOR PANEL/CS1756,562000,699000,371000,1174125,,keine
PAPER BOX 564X375X256,564,256,375,9625213,,keine
CORRUGATED PACKAGE FOR MTSP,566000,100000,212000,187488,,keine
PAPERBOX 0201 2BC 568X358X201 S,568,201,358,1035417,not LHM,keine
TVP SE S04 UT 574X373X285,574,285,373,145196,not LHM,keine
PAPERBOX 0700 2EB 575X375X205 BL,575,205,375,1036066,not LHM,keine
PAPERBOX 0427 1B 580X580X42,580,42,580,1039941,not LHM,1B
PAPERBOX 0201 2EB 580X340X220,580,220,340,1038472,not LHM,keine
DELIVERYBOX 0201 1C 580X380X270,580,270,380,1041108,,keine
KARTON (580X498X360),580,360,498,9736964,not LHM,keine
EXPORT CARTON 590X390X320,590,320,390,9620119,not LHM,keine
PAPERBOX 0701 585X385X129 S MERCH,585,129,385,1038635,not LHM,keine
V550 DELIVERYBOX 585X385X198,585,198,385,1002739,not LHM,keine
V600 DELIVERYBOX 586X386X317,586,317,386,1002743,not LHM,keine
PAPERBOX LID 0700 1B 586X386X80 BL,586,80,386,1036065,not LHM,1B
V450 DELIVERYBOX 586X185X135,586,135,185,195701,not LHM,keine
PP500 B DELIVERYBOX 586X386X182,586,182,386,1019864,not LHM,keine
PAPERB. 0231 2CA 586X386X210 S,586,210,386,127606,not LHM,keine
PP600 B DELIVERYBOX 586X386X317,586,317,386,1019865,not LHM,keine
PAPERB.0201 2BC 586X386X 320 S,586,320,386,125817,not LHM,keine
PAPERBOX 0201 2BC 586X386X320 S,586,320,386,1030916,NoLHM,keine
PAPERBOX BE 0712 586X386X330 BL,586,330,386,1031857,not LHM,keine
PAPERBOX 1E 0426 114X83X61 BL,114,61,83,9500815,48,1E
PAPERBOX 0201 2BC586X386X337BL,586,337,386,194280,not LHM,keine
KARTON F 586X386X379MM F201 WEST 2107 BC,586,379,386,1025339,not LHM,keine
PAPERBOX 0201 587X302X187 BL,587,187,302,201598,not LHM,keine
PAPERBOX 0201 2BC 590X590X135 S,590,135,590,1906072,,keine
PAPERBOX 0201 2BC 590X590X165 S,590,165,590,1906071,,keine
CARTON BOX 600 X 400 X 183,600,183,400,1086783,,keine
DELIVERYBOX 0201 1C 590X390X220,590,220,390,1040948,,keine
B11 DELIVERYBOX 590X393X360,590,360,393,1019876,not LHM,keine
PAPERBOX 0201 2BC 590X370X395 S,590,395,370,1033476,not LHM,keine
DELIVERYBOX 0201 1C 590X390X400,590,400,390,1040949,,keine
PAPERBOX 0770 1B 592X392X140BL,592,140,392,9661546,not LHM,1B
TVP SE S04 OT 593X389X58,593,58,389,145197,not LHM,keine
PAPERBOX for TM ROLLMASTER,594000,400000,375000,1018514,not LHM,keine
PAPERBOX 0427 1B 600X170X60,600,60,170,1040078,,1B
PAPERBOX 0201 2BC 600X384X137 S,600,137,384,173174,,keine
PAPERBOX 0201 2BC600X400X220BL,600,220,400,186012,not LHM,keine
FALTKISTE   C013   600X300X220   2.70BC,600,220,300,138451,,keine
CARDBOARD BOX 400X500X310 MM,400,310,500,1661812,,keine
PP LID 500/600 601X401X80,601,80,401,1019866,no LHM,keine
PAPERBOX 0455 1B 601X290X161BL,601,161,290,9006185,not LHM,1B
COVER CARDBOARD 602X400X100,602,100,400,1002753,not LHM,keine
PAPERBOX 0421 2EE 610X88X88 BL,610,88,88,78502,not LHM,keine
CARDBOARD BOX 500X600X310 MM,500,310,600,1661809,,keine
CARDBOARD BOX 630*550*350 MM,630,350,550,,,keine
PAPERBOX 0201 2CB 640x535x145 BL,640,145,535,1035796,not LHM,keine
KREUZVERP. V2 635X635X37MM,635,37,635,139142,,keine
KARTON (640X450X140),640,140,450,9023035,not LHM,keine
PAPERBOX 0201 2EB 650X150X140,650,140,150,77159,not LHM,keine
FALTSCH.  650X190X160 BLANK,650,160,190,109714,,keine
PAPERBOX 0201 2BC 650X453X227 BL,650,227,453,1019635,not LHM,keine
PAPERBOX 0201 2BC 650X650X310,650,310,650,187259,not LHM,keine
PAPERBOX 0201 2BC 655X535X275,655,275,535,1040081,,keine
PACKAGING SET PAPERBOX MERCH TRIO-HP,657000,160000,580000,1038330,not LHM,keine
SP EN HQ VERPACKUNG BM CLED,668000,643000,600000,52000784,,keine
PAPERBOX 0427 1B 670X230X80 BL,670,80,230,1010113,not LHM,1B
PAPERBOX 0201 2BC 693X465X149 BL,693,149,465,1027029,not LHM,keine
PAPERBOX 0201 697X357X257 BL,697,257,357,201578,not LHM,keine
PAPERBOX 0201 2BC 705X575X144 BL,705,144,575,1036058,not LHM,keine
DELIVERYBOX 725X725X188,725,188,725,1025478,not LHM,keine
PAPERBOX 0201 2BC 730X570X570 S,730,570,570,1040758,,keine
TVP SE S06 738X533X568,738,568,533,145198,not LHM,keine
TVP SE S06 OT 738X533X568,738,568,533,9799943,not LHM,keine
DELIVERYBOX SET 742X617X402,742,402,617,1040087,,keine
V800 DELIVERYBOX 760X570X350,760,350,570,1025628,not LHM,keine
PAPERBOX 2BC1290X770X890 BL P2,1290,890,770,195876,,keine
PAPERBOX 0427 1B 770X250X140,770,140,250,179613,not LHM,1B
SP DE VERP. MARKING BOX,773000,445000,385000,52006571,,keine
B15 DELIVERYBOX 785X585X600,785,600,585,1019877,not LHM,keine
PAPERBOX 0201 2BC 785X585X600 BL,785,600,585,152329,not LHM,keine
PAPERBOX 0200 2BC 788X588X387 BL,788,387,588,9001807,not LHM,keine
PAPERBOX 0201 2BC 791X701X296 MERCH,791,296,701,1038538,not LHM,keine
PAPERBOX 0201 797X597X597 BL,797,597,597,201590,not LHM,keine
BAHNKARTON B3 (586X386X320),586,320,386,9502965,,keine
L1250 DELIVERYBOX 800X380X320,800,320,380,1026211,not LHM,keine
CARDBOARD BOX 810*660*435 MM,810,435,660,182537,,keine
PAPERBOX 0201 2BC 845X400X254 BL,845,254,400,1019191,not LHM,keine
PAPERBOX 0201 847X227X157 BL,847,157,227,201573,not LHM,keine
PAPERBOX 1E 0421 157X58X19 P,157,19,58,,126,1E
CARDBOARD BOX 860*860*430 MM,860,430,860,182535,,keine
PAPERBOX 0421 2EE 860X80X80 BL,860,80,80,78503,not LHM,keine
PAPERBOX 0201 2BC 864X216X147 BL,864,147,216,1037237,not LHM,keine
S10 DELIVERYBOX 900X190X165,900,165,190,1002747,not LHM,keine
PAPERBOX 0201 1C 914X254X254 BL,914,254,254,1036531,not LHM,keine
PAPERBOX 0201 2BC 914X406X406 BL,914,406,406,1018515,not LHM,keine
S15 DELIVERYBOX  1000X118X118,1000,118,118,1002749,not LHM,keine
V1000 DELIVERYBOX 1000X597X467,1000,467,597,9502114,not LHM,keine
PAPERBOX 2EF 0426 1005X60X35BL,1005,35,60,124676,not LHM,keine
L1100 DELIVERYBOX 1008X67X7,1008,7,67,9597750,not LHM,keine
L1200 DELIVERYBOX 1020X120X80,1020,80,120,1002744,not LHM,keine
PAPERBOX 0205 1C 1035X135X192 BL,1035,192,135,9001804,not LHM,keine
PAPERB.0203 2CA 1050X350X282 S,1050,282,350,124704,not LHM,keine
L1300 DELIVERYBOX 1050X380X320,1050,320,380,1002745,not LHM,keine
FALTSCH. 1070X190X160 BLANK,1070,160,190,109713,,keine
PAPERBOX OUTER WALL 0314 3ACA 1096X710X700 BL,1096,700,710,1036510,not LHM,keine
PAPERBOX BOTTOM / TOP 0314 2BE 1125X740X123 BL,1125,123,740,1036509,not LHM,keine
PAPERBOX 0200 3ACA 1150X745X505,1150,505,745,1040865,,keine
S20 DELIVERYBOX  1170X180X150,1170,150,180,1002750,not LHM,keine
SPEDITIONSBEH. 1170X770X870,1170,870,770,156453,not LHM,keine
PAPERBOX BOTTOM 0200 2BC1170X780X900,1170,900,780,1040950,,keine
COVER CARDBOARD 2BE 1180X775X200,1180,200,775,1040866,,keine
KARTON 1180X780X480MM F201 WEST 2107 BC,1180,480,780,1025498,not LHM,keine
PAPERBOX 0201 2BC 1185X620X210 BL,1185,210,620,1001663,not LHM,keine
PAPERBOX COVER 0422 1C 1186X800X100,1186,100,800,1040951,,keine
V1200 DELIVERYBOX 1200X650X650,1200,650,650,1034411,not LHM,keine
S30 DELIVERYBOX  1200X110X110,1200,110,110,1002752,not LHM,keine
FALTSCH. 1200X800X300 [MAG],1200,300,800,109711,,keine
PAPERBOX 2BC1290X770X890 BL P1,1290,890,770,195841,,keine
PAPER BOX,1485000,435000,1085000,1587977,,keine
DELIVERYBOX 1499X610X483 W/INSERTS,1499,483,610,1040027,,keine
KARTON BODEN BEDIENKASTEN,1916000,105000,254000,108241,not LHM,keine
KARTON DECKEL BEDIENKASTEN,1932000,105000,286000,108242,not LHM,keine
DELIVERYBOX 0409 2BC 2000X200X200 BL,2000,200,200,1037754,not LHM,keine
L1800 DELIVERYBOX 2010X120X80,2010,80,120,1026233,not LHM,keine
L2000 DELIVERYBOX 2020X175X150,2020,150,175,1002746,not LHM,keine
PAPERBOX 0201 2BC 2020X165X265 BL,2020,265,165,9001805,not LHM,keine
PAPERBOX 0713 1E 116X56X78 P,116,78,56,1037016,80 - Production Release,1E
PAPERBOX A2420 GD2 117X10X166P,117,166,10,121624,135,keine
PAPERBOX 1E 0420 116X153X37 P,116,37,153,174912,37,1E
PAPERBOX 1E 0426 123X113X57 BL,123,57,113,9052333,34,1E
PAERBOX 134X150X47 MERCH,134,47,150,1040099,,keine
PAPERBOX 1E 0420 179X153X37 P,179,37,153,174914,25,1E
PAPERBOX 164X154X52 MERCH,164,52,154,1040105,,keine
PAPERBOX 1E 0420 229X153X37 P,229,37,153,174916,20,1E
PAPERBOX 1E 0420 266X153X37 P,266,37,153,174918,17,1E
PAPERBOX 1E 0420 116X153X91 P,116,91,153,174911,15,1E
PAPERBOX 164X154X76 MERCH,164,76,154,1040109,,keine
PAPERBOX 1E 0420 341X153X37 P,341,37,153,174920,13,1E
PAPERBOX 1E 0420 354X153X37 P,354,37,153,174922,13,1E
PAPERBOX 164X154X102 MERCH,164,102,154,1040113,,keine
PAPERBOX 1E 0420 179X153X91 P,179,91,153,174913,9,1E
PAPERBOX SET 408X120X60,408,60,120,1040088,,keine
PAPERBOX 1E 0420 229X153X91 P,229,91,153,174915,7,1E
PAPER BOX 437X139X71,437,71,139,9625132,4,keine
PAPERBOX 1E 0420 341X153X91 P,341,91,153,174919,5,1E
PAPERBOX 1E 0420 354X153X91 P,354,91,153,174921,5,1E
PAPERBOX 1E 0420 454X153X91 P,454,91,153,174924,13,1E
PAPER BOX 425X265X190,425,190,265,177002,not LHM,keine
PAPER BOX 425X265X210,425,210,265,177001,not LHM,keine
PAPERBOX 430X260X245,430,245,260,166188,not LHM,keine
WINKELKANTENSCHUTZ 60X60X160,60,160,60,91836,not LHM,keine
PACKAGE 0201 2BC 800X600X580 B,800,580,600,193977,,keine
PAPERBOX 2BC1205X870X820 BL P1,1205,820,870,195840,,keine
PAPERBOX 0XXX 1B 413X288X75 BL,413,75,288,195844,2,1B
PACKING BOX (330X130X75),330,75,130,74314,,keine
SCHUETTGUTBOX BEK 272X174X140,272,140,174,79807,,keine
FALTSCH. 385X109X 48,385,48,109,85337,9,keine
PAPERBOX BOOK 455X320X10-80 BL,455,10,320,89740,not LHM,keine
BOX 17.5 X 8 X 4.5 W/FOAM,5,4,8,108209,,keine
CONTRINEX CARTON 448X386X236,448,236,386,159746,,keine
"BOX, SHORT RAIL 7X8X3.375 W/LOGO",7,3,8,173065,,keine
PAPERBOX  0201 366X366X366 BL,366,366,366,177948,,keine
PAPERBOX 0420 1E 212X75X35,212,35,75,179203,40,1E
BOX 20 X 20 X 15,20,15,20,202848,,keine
DIVIDER 0933 1E 302X111X71 BL,302,71,111,1007944,,1E
Paper Box For EH Project 179x154x38,179,38,154,1015643,,keine
DIVIDER 0933 600GK 263X153X20 BL,263,20,153,1015644,,keine
PAPERBOX 0201 1C 140X140X810 BL,140,810,140,1021372,,keine
packing cases (1200*800*1450),1200,1450,800,1021695,,keine
packing cases (1200*800*830),1200,830,800,1021696,,keine
packing cases (1200*800*1030),1200,1030,800,1021697,,keine
packing cases (1200*800*1240),1200,1240,800,1021698,,keine
packing cases(1200*800*430),1200,430,800,1021746,,keine
Paper packing cases(568*358*201),568,201,358,1022314,,keine
KARTON G 1100X160X150MM F201 WEST 1107 B,1100,150,160,1025499,,keine
PAPERBOX 0426 1E 343X246X68 BL,343,68,246,1029975,4,1E
PAPERBOX 1E 0426 180X83X48 BL,180,48,83,9660464,38,1E
PAPERBOX SET 0201 2BC 929X388X425 S,929,425,388,1033456,not LHM,keine
PAPERBOX 0421 1E 380X390X110 S ECO,380,110,390,1036906,not LHM,1E
FALTSCH. FLT-CP,171000,84000,133000,9661364,16,keine
PAPERBOX 0713 1B 151X151X115 S,151,115,151,1026016,,1B
PAPERBOX 778X403X511,778,511,403,1037108,,keine
PAPERBOX 380X380X330,380,330,380,1037131,,keine
PAPERBOX 0421 1E 266X84X42 P,266,42,84,1038548,,1E
PAPERBOX 0426 1E 215X60X42 P,215,42,60,1038549,,1E
PAPERBOX 0421 1E 313X87X42 P,313,42,87,1038551,,1E
PAPERBOX 0420 1E 104X103X41,104,41,103,1039111,,1E
PAPERBOX 0713 1E 180X107X66 BL,180,66,107,9661735,18,1E
PACKING BOX-650X650X400,650,400,650,1796876,,keine
WELLPAPPK.423X301X5 KALENDER,423,5,301,5112980,,keine
BAHNKARTON B3 K (586X386X158),586,158,386,9687217,,keine
BOX 34 X 28 X 17 275# DW DSC,34,17,28,5653498,,keine
BOX #4 PLAIN KRAFT 16X11X12.75,16,12,11,5654414,,keine
DELIVERYBOX FS010 200X160X120MM,200,120,160,,,keine
RAIL BOX - 2150X155X67,2150,67,155,9001413,,keine
PAPERBOX 1E 0426 213X62X46 BL,213,46,62,9796713,40,1E
PAPERBOX 1F 0713 136X47X79 BL,136,79,47,9050467,,keine
FALTSCH.EINS.GEFACH 275X265X74,275,74,265,9403860,not LHM,keine
POSTK. P1-K-S   (300X120X 80),300,80,120,9406074,,keine
PAPERBOX 1E 0426 316X89X50 BL,316,50,89,9796755,not LHM,1E
PAPERBOX 1E 0426 238X68X49 BL,238,49,68,9796768,not LHM,1E
PAPERBOX 1E 0426 222X91X53 BL,222,53,91,9796771,not LHM,1E
POSTK. P2-K-S   (350X120X 80),350,80,120,9406087,,keine
WELLPAPPK.392X301X5 KALENDER,392,5,301,9503155,not LHM,keine
POSTKARTON P1/K (285X235X 70),285,70,235,9503210,4,keine
EU-KARTON 31   284X184X137,284,137,184,9596816,,keine
PAPER BOX 800X255X250,800,250,255,9620025,,keine
GENERAL CARTON 635X260X270,635,270,260,9620054,,keine
RAIL CARTON 1015X190X60,1015,60,190,9620096,,keine
FALTSCH. 307X 67X 47,307,47,67,9621859,,keine
UMZUGKARTON 650X350X370 2.4,650,370,350,9647325,,keine
TVP SE S02 OT 400X290X60,400,60,290,9799927,not LHM,keine
